solid 
 facet normal  0.000000e+00  0.000000e+00 -1.000000e+00
   outer loop
     vertex  9.915000e+00 -8.385000e+00  1.595000e+00
     vertex  1.016500e+01 -7.885000e+00  1.595000e+00
     vertex  1.016500e+01 -8.385000e+00  1.595000e+00
   endloop
 endfacet
 facet normal  0.000000e+00  0.000000e+00 -1.000000e+00
   outer loop
     vertex  9.915000e+00 -8.385000e+00  1.595000e+00
     vertex  9.915000e+00 -7.885000e+00  1.595000e+00
     vertex  1.016500e+01 -7.885000e+00  1.595000e+00
   endloop
 endfacet
 facet normal -1.000000e+00  0.000000e+00  0.000000e+00
   outer loop
     vertex  9.915000e+00 -8.385000e+00  1.595000e+00
     vertex  9.915000e+00 -7.885000e+00  1.625000e+00
     vertex  9.915000e+00 -7.885000e+00  1.595000e+00
   endloop
 endfacet
 facet normal -1.000000e+00  0.000000e+00  0.000000e+00
   outer loop
     vertex  9.915000e+00 -8.385000e+00  1.595000e+00
     vertex  9.915000e+00 -8.385000e+00  1.625000e+00
     vertex  9.915000e+00 -7.885000e+00  1.625000e+00
   endloop
 endfacet
 facet normal  0.000000e+00 -1.000000e+00  0.000000e+00
   outer loop
     vertex  1.016500e+01 -8.385000e+00  1.595000e+00
     vertex  9.915000e+00 -8.385000e+00  1.625000e+00
     vertex  9.915000e+00 -8.385000e+00  1.595000e+00
   endloop
 endfacet
 facet normal  0.000000e+00 -1.000000e+00  0.000000e+00
   outer loop
     vertex  1.016500e+01 -8.385000e+00  1.595000e+00
     vertex  1.016500e+01 -8.385000e+00  1.625000e+00
     vertex  9.915000e+00 -8.385000e+00  1.625000e+00
   endloop
 endfacet
 facet normal  1.000000e+00  0.000000e+00  0.000000e+00
   outer loop
     vertex  1.016500e+01 -7.885000e+00  1.595000e+00
     vertex  1.016500e+01 -8.385000e+00  1.625000e+00
     vertex  1.016500e+01 -8.385000e+00  1.595000e+00
   endloop
 endfacet
 facet normal  1.000000e+00  0.000000e+00 -0.000000e+00
   outer loop
     vertex  1.016500e+01 -7.885000e+00  1.595000e+00
     vertex  1.016500e+01 -7.885000e+00  1.625000e+00
     vertex  1.016500e+01 -8.385000e+00  1.625000e+00
   endloop
 endfacet
 facet normal  0.000000e+00  1.000000e+00  0.000000e+00
   outer loop
     vertex  9.915000e+00 -7.885000e+00  1.595000e+00
     vertex  1.016500e+01 -7.885000e+00  1.625000e+00
     vertex  1.016500e+01 -7.885000e+00  1.595000e+00
   endloop
 endfacet
 facet normal  0.000000e+00  1.000000e+00  0.000000e+00
   outer loop
     vertex  9.915000e+00 -7.885000e+00  1.595000e+00
     vertex  9.915000e+00 -7.885000e+00  1.625000e+00
     vertex  1.016500e+01 -7.885000e+00  1.625000e+00
   endloop
 endfacet
 facet normal  0.000000e+00  0.000000e+00 -1.000000e+00
   outer loop
     vertex  1.016500e+01 -7.885000e+00  1.625000e+00
     vertex  9.915000e+00 -7.885000e+00  1.625000e+00
     vertex  9.765000e+00 -7.785000e+00  1.625000e+00
   endloop
 endfacet
 facet normal  0.000000e+00  0.000000e+00 -1.000000e+00
   outer loop
     vertex  9.915000e+00 -8.385000e+00  1.625000e+00
     vertex  9.765000e+00 -7.785000e+00  1.625000e+00
     vertex  9.915000e+00 -7.885000e+00  1.625000e+00
   endloop
 endfacet
 facet normal  0.000000e+00  0.000000e+00 -1.000000e+00
   outer loop
     vertex  1.056500e+01 -7.885000e+00  1.625000e+00
     vertex  1.016500e+01 -7.885000e+00  1.625000e+00
     vertex  9.765000e+00 -7.785000e+00  1.625000e+00
   endloop
 endfacet
 facet normal  0.000000e+00  0.000000e+00 -1.000000e+00
   outer loop
     vertex  1.056500e+01 -8.385000e+00  1.625000e+00
     vertex  1.016500e+01 -8.385000e+00  1.625000e+00
     vertex  1.016500e+01 -7.885000e+00  1.625000e+00
   endloop
 endfacet
 facet normal  0.000000e+00  0.000000e+00 -1.000000e+00
   outer loop
     vertex  1.056500e+01 -8.385000e+00  1.625000e+00
     vertex  1.016500e+01 -7.885000e+00  1.625000e+00
     vertex  1.056500e+01 -7.885000e+00  1.625000e+00
   endloop
 endfacet
 facet normal  0.000000e+00  0.000000e+00 -1.000000e+00
   outer loop
     vertex  1.121500e+01 -8.385000e+00  1.625000e+00
     vertex  1.081500e+01 -8.385000e+00  1.625000e+00
     vertex  1.081500e+01 -7.885000e+00  1.625000e+00
   endloop
 endfacet
 facet normal  0.000000e+00  0.000000e+00 -1.000000e+00
   outer loop
     vertex  1.121500e+01 -8.385000e+00  1.625000e+00
     vertex  1.081500e+01 -7.885000e+00  1.625000e+00
     vertex  1.121500e+01 -7.885000e+00  1.625000e+00
   endloop
 endfacet
 facet normal  0.000000e+00  0.000000e+00 -1.000000e+00
   outer loop
     vertex  1.016500e+01 -9.685000e+00  1.625000e+00
     vertex  9.915000e+00 -8.385000e+00  1.625000e+00
     vertex  1.016500e+01 -8.385000e+00  1.625000e+00
   endloop
 endfacet
 facet normal  0.000000e+00  0.000000e+00 -1.000000e+00
   outer loop
     vertex  1.016500e+01 -9.685000e+00  1.625000e+00
     vertex  9.915000e+00 -9.685000e+00  1.625000e+00
     vertex  9.915000e+00 -8.385000e+00  1.625000e+00
   endloop
 endfacet
 facet normal  0.000000e+00  0.000000e+00 -1.000000e+00
   outer loop
     vertex  1.226500e+01 -7.785000e+00  1.625000e+00
     vertex  1.211500e+01 -7.885000e+00  1.625000e+00
     vertex  1.186500e+01 -7.885000e+00  1.625000e+00
   endloop
 endfacet
 facet normal  0.000000e+00  0.000000e+00 -1.000000e+00
   outer loop
     vertex  1.226500e+01 -7.785000e+00  1.625000e+00
     vertex  1.186500e+01 -7.885000e+00  1.625000e+00
     vertex  1.146500e+01 -7.885000e+00  1.625000e+00
   endloop
 endfacet
 facet normal  0.000000e+00  0.000000e+00 -1.000000e+00
   outer loop
     vertex  9.765000e+00 -1.028500e+01  1.625000e+00
     vertex  9.765000e+00 -7.785000e+00  1.625000e+00
     vertex  9.915000e+00 -8.385000e+00  1.625000e+00
   endloop
 endfacet
 facet normal  0.000000e+00  0.000000e+00 -1.000000e+00
   outer loop
     vertex  9.765000e+00 -1.028500e+01  1.625000e+00
     vertex  9.915000e+00 -8.385000e+00  1.625000e+00
     vertex  9.915000e+00 -9.685000e+00  1.625000e+00
   endloop
 endfacet
 facet normal -0.000000e+00  0.000000e+00 -1.000000e+00
   outer loop
     vertex  9.915000e+00 -1.018500e+01  1.625000e+00
     vertex  9.765000e+00 -1.028500e+01  1.625000e+00
     vertex  9.915000e+00 -9.685000e+00  1.625000e+00
   endloop
 endfacet
 facet normal  0.000000e+00  0.000000e+00 -1.000000e+00
   outer loop
     vertex  1.056500e+01 -9.685000e+00  1.625000e+00
     vertex  1.056500e+01 -8.385000e+00  1.625000e+00
     vertex  1.081500e+01 -8.385000e+00  1.625000e+00
   endloop
 endfacet
 facet normal  0.000000e+00  0.000000e+00 -1.000000e+00
   outer loop
     vertex  1.056500e+01 -9.685000e+00  1.625000e+00
     vertex  1.016500e+01 -8.385000e+00  1.625000e+00
     vertex  1.056500e+01 -8.385000e+00  1.625000e+00
   endloop
 endfacet
 facet normal  0.000000e+00  0.000000e+00 -1.000000e+00
   outer loop
     vertex  1.056500e+01 -9.685000e+00  1.625000e+00
     vertex  1.016500e+01 -9.685000e+00  1.625000e+00
     vertex  1.016500e+01 -8.385000e+00  1.625000e+00
   endloop
 endfacet
 facet normal  0.000000e+00  0.000000e+00 -1.000000e+00
   outer loop
     vertex  1.186500e+01 -8.385000e+00  1.625000e+00
     vertex  1.146500e+01 -8.385000e+00  1.625000e+00
     vertex  1.146500e+01 -7.885000e+00  1.625000e+00
   endloop
 endfacet
 facet normal  0.000000e+00  0.000000e+00 -1.000000e+00
   outer loop
     vertex  1.186500e+01 -8.385000e+00  1.625000e+00
     vertex  1.146500e+01 -7.885000e+00  1.625000e+00
     vertex  1.186500e+01 -7.885000e+00  1.625000e+00
   endloop
 endfacet
 facet normal -0.000000e+00  0.000000e+00 -1.000000e+00
   outer loop
     vertex  1.016500e+01 -1.018500e+01  1.625000e+00
     vertex  9.765000e+00 -1.028500e+01  1.625000e+00
     vertex  9.915000e+00 -1.018500e+01  1.625000e+00
   endloop
 endfacet
 facet normal  0.000000e+00  0.000000e+00 -1.000000e+00
   outer loop
     vertex  1.211500e+01 -8.385000e+00  1.625000e+00
     vertex  1.211500e+01 -7.885000e+00  1.625000e+00
     vertex  1.226500e+01 -7.785000e+00  1.625000e+00
   endloop
 endfacet
 facet normal  0.000000e+00  0.000000e+00 -1.000000e+00
   outer loop
     vertex  1.081500e+01 -9.685000e+00  1.625000e+00
     vertex  1.056500e+01 -9.685000e+00  1.625000e+00
     vertex  1.081500e+01 -8.385000e+00  1.625000e+00
   endloop
 endfacet
 facet normal  0.000000e+00  0.000000e+00 -1.000000e+00
   outer loop
     vertex  1.056500e+01 -1.018500e+01  1.625000e+00
     vertex  1.016500e+01 -1.018500e+01  1.625000e+00
     vertex  1.016500e+01 -9.685000e+00  1.625000e+00
   endloop
 endfacet
 facet normal -0.000000e+00  0.000000e+00 -1.000000e+00
   outer loop
     vertex  1.056500e+01 -1.018500e+01  1.625000e+00
     vertex  9.765000e+00 -1.028500e+01  1.625000e+00
     vertex  1.016500e+01 -1.018500e+01  1.625000e+00
   endloop
 endfacet
 facet normal  0.000000e+00  0.000000e+00 -1.000000e+00
   outer loop
     vertex  1.056500e+01 -1.018500e+01  1.625000e+00
     vertex  1.016500e+01 -9.685000e+00  1.625000e+00
     vertex  1.056500e+01 -9.685000e+00  1.625000e+00
   endloop
 endfacet
 facet normal  0.000000e+00  0.000000e+00 -1.000000e+00
   outer loop
     vertex  1.121500e+01 -9.685000e+00  1.625000e+00
     vertex  1.081500e+01 -8.385000e+00  1.625000e+00
     vertex  1.121500e+01 -8.385000e+00  1.625000e+00
   endloop
 endfacet
 facet normal  0.000000e+00  0.000000e+00 -1.000000e+00
   outer loop
     vertex  1.121500e+01 -9.685000e+00  1.625000e+00
     vertex  1.081500e+01 -9.685000e+00  1.625000e+00
     vertex  1.081500e+01 -8.385000e+00  1.625000e+00
   endloop
 endfacet
 facet normal  0.000000e+00  0.000000e+00 -1.000000e+00
   outer loop
     vertex  1.146500e+01 -9.685000e+00  1.625000e+00
     vertex  1.121500e+01 -8.385000e+00  1.625000e+00
     vertex  1.146500e+01 -8.385000e+00  1.625000e+00
   endloop
 endfacet
 facet normal  0.000000e+00  0.000000e+00 -1.000000e+00
   outer loop
     vertex  1.146500e+01 -9.685000e+00  1.625000e+00
     vertex  1.121500e+01 -9.685000e+00  1.625000e+00
     vertex  1.121500e+01 -8.385000e+00  1.625000e+00
   endloop
 endfacet
 facet normal  0.000000e+00  0.000000e+00 -1.000000e+00
   outer loop
     vertex  1.121500e+01 -1.018500e+01  1.625000e+00
     vertex  1.081500e+01 -1.018500e+01  1.625000e+00
     vertex  1.081500e+01 -9.685000e+00  1.625000e+00
   endloop
 endfacet
 facet normal  0.000000e+00  0.000000e+00 -1.000000e+00
   outer loop
     vertex  1.121500e+01 -1.018500e+01  1.625000e+00
     vertex  1.081500e+01 -9.685000e+00  1.625000e+00
     vertex  1.121500e+01 -9.685000e+00  1.625000e+00
   endloop
 endfacet
 facet normal  0.000000e+00  0.000000e+00 -1.000000e+00
   outer loop
     vertex  1.186500e+01 -9.685000e+00  1.625000e+00
     vertex  1.146500e+01 -8.385000e+00  1.625000e+00
     vertex  1.186500e+01 -8.385000e+00  1.625000e+00
   endloop
 endfacet
 facet normal  0.000000e+00  0.000000e+00 -1.000000e+00
   outer loop
     vertex  1.186500e+01 -9.685000e+00  1.625000e+00
     vertex  1.146500e+01 -9.685000e+00  1.625000e+00
     vertex  1.146500e+01 -8.385000e+00  1.625000e+00
   endloop
 endfacet
 facet normal  0.000000e+00  0.000000e+00 -1.000000e+00
   outer loop
     vertex  1.211500e+01 -9.685000e+00  1.625000e+00
     vertex  1.186500e+01 -9.685000e+00  1.625000e+00
     vertex  1.186500e+01 -8.385000e+00  1.625000e+00
   endloop
 endfacet
 facet normal  0.000000e+00  0.000000e+00 -1.000000e+00
   outer loop
     vertex  1.211500e+01 -9.685000e+00  1.625000e+00
     vertex  1.186500e+01 -8.385000e+00  1.625000e+00
     vertex  1.211500e+01 -8.385000e+00  1.625000e+00
   endloop
 endfacet
 facet normal  0.000000e+00  0.000000e+00 -1.000000e+00
   outer loop
     vertex  1.186500e+01 -1.018500e+01  1.625000e+00
     vertex  1.146500e+01 -9.685000e+00  1.625000e+00
     vertex  1.186500e+01 -9.685000e+00  1.625000e+00
   endloop
 endfacet
 facet normal  0.000000e+00  0.000000e+00 -1.000000e+00
   outer loop
     vertex  1.186500e+01 -1.018500e+01  1.625000e+00
     vertex  1.146500e+01 -1.018500e+01  1.625000e+00
     vertex  1.146500e+01 -9.685000e+00  1.625000e+00
   endloop
 endfacet
 facet normal  0.000000e+00  0.000000e+00 -1.000000e+00
   outer loop
     vertex  1.226500e+01 -1.028500e+01  1.625000e+00
     vertex  1.146500e+01 -1.018500e+01  1.625000e+00
     vertex  1.186500e+01 -1.018500e+01  1.625000e+00
   endloop
 endfacet
 facet normal  0.000000e+00  0.000000e+00 -1.000000e+00
   outer loop
     vertex  1.226500e+01 -1.028500e+01  1.625000e+00
     vertex  1.186500e+01 -1.018500e+01  1.625000e+00
     vertex  1.211500e+01 -1.018500e+01  1.625000e+00
   endloop
 endfacet
 facet normal  0.000000e+00  0.000000e+00 -1.000000e+00
   outer loop
     vertex  1.226500e+01 -1.028500e+01  1.625000e+00
     vertex  1.211500e+01 -1.018500e+01  1.625000e+00
     vertex  1.211500e+01 -9.685000e+00  1.625000e+00
   endloop
 endfacet
 facet normal -0.000000e+00  0.000000e+00 -1.000000e+00
   outer loop
     vertex  1.226500e+01 -7.785000e+00  1.625000e+00
     vertex  1.146500e+01 -7.885000e+00  1.625000e+00
     vertex  9.765000e+00 -7.785000e+00  1.625000e+00
   endloop
 endfacet
 facet normal  0.000000e+00  0.000000e+00 -1.000000e+00
   outer loop
     vertex  1.146500e+01 -7.885000e+00  1.625000e+00
     vertex  1.121500e+01 -7.885000e+00  1.625000e+00
     vertex  9.765000e+00 -7.785000e+00  1.625000e+00
   endloop
 endfacet
 facet normal  0.000000e+00  0.000000e+00 -1.000000e+00
   outer loop
     vertex  1.121500e+01 -7.885000e+00  1.625000e+00
     vertex  1.081500e+01 -7.885000e+00  1.625000e+00
     vertex  9.765000e+00 -7.785000e+00  1.625000e+00
   endloop
 endfacet
 facet normal  0.000000e+00  0.000000e+00 -1.000000e+00
   outer loop
     vertex  1.081500e+01 -7.885000e+00  1.625000e+00
     vertex  1.056500e+01 -7.885000e+00  1.625000e+00
     vertex  9.765000e+00 -7.785000e+00  1.625000e+00
   endloop
 endfacet
 facet normal  0.000000e+00  0.000000e+00 -1.000000e+00
   outer loop
     vertex  9.765000e+00 -1.028500e+01  1.625000e+00
     vertex  1.146500e+01 -1.018500e+01  1.625000e+00
     vertex  1.226500e+01 -1.028500e+01  1.625000e+00
   endloop
 endfacet
 facet normal  0.000000e+00  0.000000e+00 -1.000000e+00
   outer loop
     vertex  9.765000e+00 -1.028500e+01  1.625000e+00
     vertex  1.121500e+01 -1.018500e+01  1.625000e+00
     vertex  1.146500e+01 -1.018500e+01  1.625000e+00
   endloop
 endfacet
 facet normal  0.000000e+00  0.000000e+00 -1.000000e+00
   outer loop
     vertex  9.765000e+00 -1.028500e+01  1.625000e+00
     vertex  1.081500e+01 -1.018500e+01  1.625000e+00
     vertex  1.121500e+01 -1.018500e+01  1.625000e+00
   endloop
 endfacet
 facet normal  0.000000e+00  0.000000e+00 -1.000000e+00
   outer loop
     vertex  9.765000e+00 -1.028500e+01  1.625000e+00
     vertex  1.056500e+01 -1.018500e+01  1.625000e+00
     vertex  1.081500e+01 -1.018500e+01  1.625000e+00
   endloop
 endfacet
 facet normal  0.000000e+00  0.000000e+00 -1.000000e+00
   outer loop
     vertex  1.226500e+01 -1.028500e+01  1.625000e+00
     vertex  1.211500e+01 -8.385000e+00  1.625000e+00
     vertex  1.226500e+01 -7.785000e+00  1.625000e+00
   endloop
 endfacet
 facet normal  0.000000e+00  0.000000e+00 -1.000000e+00
   outer loop
     vertex  1.226500e+01 -1.028500e+01  1.625000e+00
     vertex  1.211500e+01 -9.685000e+00  1.625000e+00
     vertex  1.211500e+01 -8.385000e+00  1.625000e+00
   endloop
 endfacet
 facet normal  0.000000e+00  1.000000e+00  0.000000e+00
   outer loop
     vertex  9.765000e+00 -7.785000e+00  2.375000e+00
     vertex  1.226500e+01 -7.785000e+00  1.625000e+00
     vertex  9.765000e+00 -7.785000e+00  1.625000e+00
   endloop
 endfacet
 facet normal -0.000000e+00  1.000000e+00  0.000000e+00
   outer loop
     vertex  9.765000e+00 -7.785000e+00  2.375000e+00
     vertex  1.226500e+01 -7.785000e+00  2.375000e+00
     vertex  1.226500e+01 -7.785000e+00  1.625000e+00
   endloop
 endfacet
 facet normal  1.000000e+00  0.000000e+00  0.000000e+00
   outer loop
     vertex  1.226500e+01 -1.028500e+01  2.375000e+00
     vertex  1.226500e+01 -1.028500e+01  1.625000e+00
     vertex  1.226500e+01 -7.785000e+00  1.625000e+00
   endloop
 endfacet
 facet normal  1.000000e+00 -0.000000e+00  0.000000e+00
   outer loop
     vertex  1.226500e+01 -1.028500e+01  2.375000e+00
     vertex  1.226500e+01 -7.785000e+00  1.625000e+00
     vertex  1.226500e+01 -7.785000e+00  2.375000e+00
   endloop
 endfacet
 facet normal -1.000000e+00  0.000000e+00  0.000000e+00
   outer loop
     vertex  9.765000e+00 -1.028500e+01  2.375000e+00
     vertex  9.765000e+00 -7.785000e+00  1.625000e+00
     vertex  9.765000e+00 -1.028500e+01  1.625000e+00
   endloop
 endfacet
 facet normal -1.000000e+00  0.000000e+00  0.000000e+00
   outer loop
     vertex  9.765000e+00 -1.028500e+01  2.375000e+00
     vertex  9.765000e+00 -7.785000e+00  2.375000e+00
     vertex  9.765000e+00 -7.785000e+00  1.625000e+00
   endloop
 endfacet
 facet normal  0.000000e+00 -1.000000e+00  0.000000e+00
   outer loop
     vertex  9.765000e+00 -1.028500e+01  2.375000e+00
     vertex  9.765000e+00 -1.028500e+01  1.625000e+00
     vertex  1.226500e+01 -1.028500e+01  1.625000e+00
   endloop
 endfacet
 facet normal  0.000000e+00 -1.000000e+00  0.000000e+00
   outer loop
     vertex  9.765000e+00 -1.028500e+01  2.375000e+00
     vertex  1.226500e+01 -1.028500e+01  1.625000e+00
     vertex  1.226500e+01 -1.028500e+01  2.375000e+00
   endloop
 endfacet
 facet normal  0.000000e+00 -1.000000e+00  0.000000e+00
   outer loop
     vertex  1.211500e+01 -8.385000e+00  1.595000e+00
     vertex  1.186500e+01 -8.385000e+00  1.625000e+00
     vertex  1.186500e+01 -8.385000e+00  1.595000e+00
   endloop
 endfacet
 facet normal  0.000000e+00 -1.000000e+00  0.000000e+00
   outer loop
     vertex  1.211500e+01 -8.385000e+00  1.595000e+00
     vertex  1.211500e+01 -8.385000e+00  1.625000e+00
     vertex  1.186500e+01 -8.385000e+00  1.625000e+00
   endloop
 endfacet
 facet normal  1.000000e+00  0.000000e+00  0.000000e+00
   outer loop
     vertex  1.211500e+01 -7.885000e+00  1.595000e+00
     vertex  1.211500e+01 -8.385000e+00  1.625000e+00
     vertex  1.211500e+01 -8.385000e+00  1.595000e+00
   endloop
 endfacet
 facet normal  1.000000e+00  0.000000e+00 -0.000000e+00
   outer loop
     vertex  1.211500e+01 -7.885000e+00  1.595000e+00
     vertex  1.211500e+01 -7.885000e+00  1.625000e+00
     vertex  1.211500e+01 -8.385000e+00  1.625000e+00
   endloop
 endfacet
 facet normal -1.000000e+00  0.000000e+00  0.000000e+00
   outer loop
     vertex  1.186500e+01 -8.385000e+00  1.595000e+00
     vertex  1.186500e+01 -7.885000e+00  1.625000e+00
     vertex  1.186500e+01 -7.885000e+00  1.595000e+00
   endloop
 endfacet
 facet normal -1.000000e+00  0.000000e+00  0.000000e+00
   outer loop
     vertex  1.186500e+01 -8.385000e+00  1.595000e+00
     vertex  1.186500e+01 -8.385000e+00  1.625000e+00
     vertex  1.186500e+01 -7.885000e+00  1.625000e+00
   endloop
 endfacet
 facet normal  0.000000e+00  1.000000e+00  0.000000e+00
   outer loop
     vertex  1.186500e+01 -7.885000e+00  1.595000e+00
     vertex  1.211500e+01 -7.885000e+00  1.625000e+00
     vertex  1.211500e+01 -7.885000e+00  1.595000e+00
   endloop
 endfacet
 facet normal  0.000000e+00  1.000000e+00  0.000000e+00
   outer loop
     vertex  1.186500e+01 -7.885000e+00  1.595000e+00
     vertex  1.186500e+01 -7.885000e+00  1.625000e+00
     vertex  1.211500e+01 -7.885000e+00  1.625000e+00
   endloop
 endfacet
 facet normal -1.000000e+00  0.000000e+00  0.000000e+00
   outer loop
     vertex  1.121500e+01 -8.385000e+00  1.595000e+00
     vertex  1.121500e+01 -7.885000e+00  1.625000e+00
     vertex  1.121500e+01 -7.885000e+00  1.595000e+00
   endloop
 endfacet
 facet normal -1.000000e+00  0.000000e+00  0.000000e+00
   outer loop
     vertex  1.121500e+01 -8.385000e+00  1.595000e+00
     vertex  1.121500e+01 -8.385000e+00  1.625000e+00
     vertex  1.121500e+01 -7.885000e+00  1.625000e+00
   endloop
 endfacet
 facet normal  0.000000e+00 -1.000000e+00  0.000000e+00
   outer loop
     vertex  1.146500e+01 -8.385000e+00  1.595000e+00
     vertex  1.121500e+01 -8.385000e+00  1.625000e+00
     vertex  1.121500e+01 -8.385000e+00  1.595000e+00
   endloop
 endfacet
 facet normal  0.000000e+00 -1.000000e+00  0.000000e+00
   outer loop
     vertex  1.146500e+01 -8.385000e+00  1.595000e+00
     vertex  1.146500e+01 -8.385000e+00  1.625000e+00
     vertex  1.121500e+01 -8.385000e+00  1.625000e+00
   endloop
 endfacet
 facet normal  0.000000e+00  1.000000e+00  0.000000e+00
   outer loop
     vertex  1.121500e+01 -7.885000e+00  1.595000e+00
     vertex  1.146500e+01 -7.885000e+00  1.625000e+00
     vertex  1.146500e+01 -7.885000e+00  1.595000e+00
   endloop
 endfacet
 facet normal  0.000000e+00  1.000000e+00  0.000000e+00
   outer loop
     vertex  1.121500e+01 -7.885000e+00  1.595000e+00
     vertex  1.121500e+01 -7.885000e+00  1.625000e+00
     vertex  1.146500e+01 -7.885000e+00  1.625000e+00
   endloop
 endfacet
 facet normal  1.000000e+00  0.000000e+00  0.000000e+00
   outer loop
     vertex  1.146500e+01 -7.885000e+00  1.595000e+00
     vertex  1.146500e+01 -8.385000e+00  1.625000e+00
     vertex  1.146500e+01 -8.385000e+00  1.595000e+00
   endloop
 endfacet
 facet normal  1.000000e+00  0.000000e+00 -0.000000e+00
   outer loop
     vertex  1.146500e+01 -7.885000e+00  1.595000e+00
     vertex  1.146500e+01 -7.885000e+00  1.625000e+00
     vertex  1.146500e+01 -8.385000e+00  1.625000e+00
   endloop
 endfacet
 facet normal  0.000000e+00  1.000000e+00  0.000000e+00
   outer loop
     vertex  1.056500e+01 -7.885000e+00  1.595000e+00
     vertex  1.081500e+01 -7.885000e+00  1.625000e+00
     vertex  1.081500e+01 -7.885000e+00  1.595000e+00
   endloop
 endfacet
 facet normal  0.000000e+00  1.000000e+00  0.000000e+00
   outer loop
     vertex  1.056500e+01 -7.885000e+00  1.595000e+00
     vertex  1.056500e+01 -7.885000e+00  1.625000e+00
     vertex  1.081500e+01 -7.885000e+00  1.625000e+00
   endloop
 endfacet
 facet normal -1.000000e+00  0.000000e+00  0.000000e+00
   outer loop
     vertex  1.056500e+01 -8.385000e+00  1.595000e+00
     vertex  1.056500e+01 -7.885000e+00  1.625000e+00
     vertex  1.056500e+01 -7.885000e+00  1.595000e+00
   endloop
 endfacet
 facet normal -1.000000e+00  0.000000e+00  0.000000e+00
   outer loop
     vertex  1.056500e+01 -8.385000e+00  1.595000e+00
     vertex  1.056500e+01 -8.385000e+00  1.625000e+00
     vertex  1.056500e+01 -7.885000e+00  1.625000e+00
   endloop
 endfacet
 facet normal  1.000000e+00  0.000000e+00  0.000000e+00
   outer loop
     vertex  1.081500e+01 -7.885000e+00  1.595000e+00
     vertex  1.081500e+01 -8.385000e+00  1.625000e+00
     vertex  1.081500e+01 -8.385000e+00  1.595000e+00
   endloop
 endfacet
 facet normal  1.000000e+00  0.000000e+00 -0.000000e+00
   outer loop
     vertex  1.081500e+01 -7.885000e+00  1.595000e+00
     vertex  1.081500e+01 -7.885000e+00  1.625000e+00
     vertex  1.081500e+01 -8.385000e+00  1.625000e+00
   endloop
 endfacet
 facet normal  0.000000e+00 -1.000000e+00  0.000000e+00
   outer loop
     vertex  1.081500e+01 -8.385000e+00  1.595000e+00
     vertex  1.056500e+01 -8.385000e+00  1.625000e+00
     vertex  1.056500e+01 -8.385000e+00  1.595000e+00
   endloop
 endfacet
 facet normal  0.000000e+00 -1.000000e+00  0.000000e+00
   outer loop
     vertex  1.081500e+01 -8.385000e+00  1.595000e+00
     vertex  1.081500e+01 -8.385000e+00  1.625000e+00
     vertex  1.056500e+01 -8.385000e+00  1.625000e+00
   endloop
 endfacet
 facet normal -1.000000e+00  0.000000e+00  0.000000e+00
   outer loop
     vertex  1.056500e+01 -1.018500e+01  1.595000e+00
     vertex  1.056500e+01 -9.685000e+00  1.625000e+00
     vertex  1.056500e+01 -9.685000e+00  1.595000e+00
   endloop
 endfacet
 facet normal -1.000000e+00  0.000000e+00  0.000000e+00
   outer loop
     vertex  1.056500e+01 -1.018500e+01  1.595000e+00
     vertex  1.056500e+01 -1.018500e+01  1.625000e+00
     vertex  1.056500e+01 -9.685000e+00  1.625000e+00
   endloop
 endfacet
 facet normal  0.000000e+00 -1.000000e+00  0.000000e+00
   outer loop
     vertex  1.081500e+01 -1.018500e+01  1.595000e+00
     vertex  1.056500e+01 -1.018500e+01  1.625000e+00
     vertex  1.056500e+01 -1.018500e+01  1.595000e+00
   endloop
 endfacet
 facet normal  0.000000e+00 -1.000000e+00  0.000000e+00
   outer loop
     vertex  1.081500e+01 -1.018500e+01  1.595000e+00
     vertex  1.081500e+01 -1.018500e+01  1.625000e+00
     vertex  1.056500e+01 -1.018500e+01  1.625000e+00
   endloop
 endfacet
 facet normal  0.000000e+00  1.000000e+00  0.000000e+00
   outer loop
     vertex  1.056500e+01 -9.685000e+00  1.595000e+00
     vertex  1.081500e+01 -9.685000e+00  1.625000e+00
     vertex  1.081500e+01 -9.685000e+00  1.595000e+00
   endloop
 endfacet
 facet normal  0.000000e+00  1.000000e+00  0.000000e+00
   outer loop
     vertex  1.056500e+01 -9.685000e+00  1.595000e+00
     vertex  1.056500e+01 -9.685000e+00  1.625000e+00
     vertex  1.081500e+01 -9.685000e+00  1.625000e+00
   endloop
 endfacet
 facet normal  1.000000e+00  0.000000e+00  0.000000e+00
   outer loop
     vertex  1.081500e+01 -9.685000e+00  1.595000e+00
     vertex  1.081500e+01 -1.018500e+01  1.625000e+00
     vertex  1.081500e+01 -1.018500e+01  1.595000e+00
   endloop
 endfacet
 facet normal  1.000000e+00  0.000000e+00 -0.000000e+00
   outer loop
     vertex  1.081500e+01 -9.685000e+00  1.595000e+00
     vertex  1.081500e+01 -9.685000e+00  1.625000e+00
     vertex  1.081500e+01 -1.018500e+01  1.625000e+00
   endloop
 endfacet
 facet normal  1.000000e+00  0.000000e+00  0.000000e+00
   outer loop
     vertex  1.146500e+01 -9.685000e+00  1.595000e+00
     vertex  1.146500e+01 -1.018500e+01  1.625000e+00
     vertex  1.146500e+01 -1.018500e+01  1.595000e+00
   endloop
 endfacet
 facet normal  1.000000e+00  0.000000e+00 -0.000000e+00
   outer loop
     vertex  1.146500e+01 -9.685000e+00  1.595000e+00
     vertex  1.146500e+01 -9.685000e+00  1.625000e+00
     vertex  1.146500e+01 -1.018500e+01  1.625000e+00
   endloop
 endfacet
 facet normal  0.000000e+00  1.000000e+00  0.000000e+00
   outer loop
     vertex  1.121500e+01 -9.685000e+00  1.595000e+00
     vertex  1.146500e+01 -9.685000e+00  1.625000e+00
     vertex  1.146500e+01 -9.685000e+00  1.595000e+00
   endloop
 endfacet
 facet normal  0.000000e+00  1.000000e+00  0.000000e+00
   outer loop
     vertex  1.121500e+01 -9.685000e+00  1.595000e+00
     vertex  1.121500e+01 -9.685000e+00  1.625000e+00
     vertex  1.146500e+01 -9.685000e+00  1.625000e+00
   endloop
 endfacet
 facet normal  0.000000e+00 -1.000000e+00  0.000000e+00
   outer loop
     vertex  1.146500e+01 -1.018500e+01  1.595000e+00
     vertex  1.121500e+01 -1.018500e+01  1.625000e+00
     vertex  1.121500e+01 -1.018500e+01  1.595000e+00
   endloop
 endfacet
 facet normal  0.000000e+00 -1.000000e+00  0.000000e+00
   outer loop
     vertex  1.146500e+01 -1.018500e+01  1.595000e+00
     vertex  1.146500e+01 -1.018500e+01  1.625000e+00
     vertex  1.121500e+01 -1.018500e+01  1.625000e+00
   endloop
 endfacet
 facet normal -1.000000e+00  0.000000e+00  0.000000e+00
   outer loop
     vertex  1.121500e+01 -1.018500e+01  1.595000e+00
     vertex  1.121500e+01 -9.685000e+00  1.625000e+00
     vertex  1.121500e+01 -9.685000e+00  1.595000e+00
   endloop
 endfacet
 facet normal -1.000000e+00  0.000000e+00  0.000000e+00
   outer loop
     vertex  1.121500e+01 -1.018500e+01  1.595000e+00
     vertex  1.121500e+01 -1.018500e+01  1.625000e+00
     vertex  1.121500e+01 -9.685000e+00  1.625000e+00
   endloop
 endfacet
 facet normal  0.000000e+00 -1.000000e+00  0.000000e+00
   outer loop
     vertex  1.211500e+01 -1.018500e+01  1.595000e+00
     vertex  1.186500e+01 -1.018500e+01  1.625000e+00
     vertex  1.186500e+01 -1.018500e+01  1.595000e+00
   endloop
 endfacet
 facet normal  0.000000e+00 -1.000000e+00  0.000000e+00
   outer loop
     vertex  1.211500e+01 -1.018500e+01  1.595000e+00
     vertex  1.211500e+01 -1.018500e+01  1.625000e+00
     vertex  1.186500e+01 -1.018500e+01  1.625000e+00
   endloop
 endfacet
 facet normal  1.000000e+00  0.000000e+00  0.000000e+00
   outer loop
     vertex  1.211500e+01 -9.685000e+00  1.595000e+00
     vertex  1.211500e+01 -1.018500e+01  1.625000e+00
     vertex  1.211500e+01 -1.018500e+01  1.595000e+00
   endloop
 endfacet
 facet normal  1.000000e+00  0.000000e+00 -0.000000e+00
   outer loop
     vertex  1.211500e+01 -9.685000e+00  1.595000e+00
     vertex  1.211500e+01 -9.685000e+00  1.625000e+00
     vertex  1.211500e+01 -1.018500e+01  1.625000e+00
   endloop
 endfacet
 facet normal -1.000000e+00  0.000000e+00  0.000000e+00
   outer loop
     vertex  1.186500e+01 -1.018500e+01  1.595000e+00
     vertex  1.186500e+01 -9.685000e+00  1.625000e+00
     vertex  1.186500e+01 -9.685000e+00  1.595000e+00
   endloop
 endfacet
 facet normal -1.000000e+00  0.000000e+00  0.000000e+00
   outer loop
     vertex  1.186500e+01 -1.018500e+01  1.595000e+00
     vertex  1.186500e+01 -1.018500e+01  1.625000e+00
     vertex  1.186500e+01 -9.685000e+00  1.625000e+00
   endloop
 endfacet
 facet normal  0.000000e+00  1.000000e+00  0.000000e+00
   outer loop
     vertex  1.186500e+01 -9.685000e+00  1.595000e+00
     vertex  1.211500e+01 -9.685000e+00  1.625000e+00
     vertex  1.211500e+01 -9.685000e+00  1.595000e+00
   endloop
 endfacet
 facet normal  0.000000e+00  1.000000e+00  0.000000e+00
   outer loop
     vertex  1.186500e+01 -9.685000e+00  1.595000e+00
     vertex  1.186500e+01 -9.685000e+00  1.625000e+00
     vertex  1.211500e+01 -9.685000e+00  1.625000e+00
   endloop
 endfacet
 facet normal  1.000000e+00  0.000000e+00  0.000000e+00
   outer loop
     vertex  1.016500e+01 -9.685000e+00  1.595000e+00
     vertex  1.016500e+01 -1.018500e+01  1.625000e+00
     vertex  1.016500e+01 -1.018500e+01  1.595000e+00
   endloop
 endfacet
 facet normal  1.000000e+00  0.000000e+00 -0.000000e+00
   outer loop
     vertex  1.016500e+01 -9.685000e+00  1.595000e+00
     vertex  1.016500e+01 -9.685000e+00  1.625000e+00
     vertex  1.016500e+01 -1.018500e+01  1.625000e+00
   endloop
 endfacet
 facet normal  0.000000e+00  1.000000e+00  0.000000e+00
   outer loop
     vertex  9.915000e+00 -9.685000e+00  1.595000e+00
     vertex  1.016500e+01 -9.685000e+00  1.625000e+00
     vertex  1.016500e+01 -9.685000e+00  1.595000e+00
   endloop
 endfacet
 facet normal  0.000000e+00  1.000000e+00  0.000000e+00
   outer loop
     vertex  9.915000e+00 -9.685000e+00  1.595000e+00
     vertex  9.915000e+00 -9.685000e+00  1.625000e+00
     vertex  1.016500e+01 -9.685000e+00  1.625000e+00
   endloop
 endfacet
 facet normal  0.000000e+00 -1.000000e+00  0.000000e+00
   outer loop
     vertex  1.016500e+01 -1.018500e+01  1.595000e+00
     vertex  9.915000e+00 -1.018500e+01  1.625000e+00
     vertex  9.915000e+00 -1.018500e+01  1.595000e+00
   endloop
 endfacet
 facet normal  0.000000e+00 -1.000000e+00  0.000000e+00
   outer loop
     vertex  1.016500e+01 -1.018500e+01  1.595000e+00
     vertex  1.016500e+01 -1.018500e+01  1.625000e+00
     vertex  9.915000e+00 -1.018500e+01  1.625000e+00
   endloop
 endfacet
 facet normal -1.000000e+00  0.000000e+00  0.000000e+00
   outer loop
     vertex  9.915000e+00 -1.018500e+01  1.595000e+00
     vertex  9.915000e+00 -9.685000e+00  1.625000e+00
     vertex  9.915000e+00 -9.685000e+00  1.595000e+00
   endloop
 endfacet
 facet normal -1.000000e+00  0.000000e+00  0.000000e+00
   outer loop
     vertex  9.915000e+00 -1.018500e+01  1.595000e+00
     vertex  9.915000e+00 -1.018500e+01  1.625000e+00
     vertex  9.915000e+00 -9.685000e+00  1.625000e+00
   endloop
 endfacet
 facet normal  0.000000e+00 -0.000000e+00  1.000000e+00
   outer loop
     vertex  1.017840e+01 -8.235000e+00  2.375000e+00
     vertex  1.019429e+01 -8.214289e+00  2.375000e+00
     vertex  9.765000e+00 -7.785000e+00  2.375000e+00
   endloop
 endfacet
 facet normal  0.000000e+00  0.000000e+00  1.000000e+00
   outer loop
     vertex  1.021500e+01 -8.198397e+00  2.375000e+00
     vertex  9.765000e+00 -7.785000e+00  2.375000e+00
     vertex  1.019429e+01 -8.214289e+00  2.375000e+00
   endloop
 endfacet
 facet normal  0.000000e+00  0.000000e+00  1.000000e+00
   outer loop
     vertex  1.023912e+01 -8.188407e+00  2.375000e+00
     vertex  9.765000e+00 -7.785000e+00  2.375000e+00
     vertex  1.021500e+01 -8.198397e+00  2.375000e+00
   endloop
 endfacet
 facet normal  0.000000e+00 -0.000000e+00  1.000000e+00
   outer loop
     vertex  1.016841e+01 -8.259118e+00  2.375000e+00
     vertex  1.017840e+01 -8.235000e+00  2.375000e+00
     vertex  9.765000e+00 -7.785000e+00  2.375000e+00
   endloop
 endfacet
 facet normal  0.000000e+00  0.000000e+00  1.000000e+00
   outer loop
     vertex  1.026500e+01 -8.185000e+00  2.375000e+00
     vertex  9.765000e+00 -7.785000e+00  2.375000e+00
     vertex  1.023912e+01 -8.188407e+00  2.375000e+00
   endloop
 endfacet
 facet normal  0.000000e+00 -0.000000e+00  1.000000e+00
   outer loop
     vertex  1.016500e+01 -8.285000e+00  2.375000e+00
     vertex  1.016841e+01 -8.259118e+00  2.375000e+00
     vertex  9.765000e+00 -7.785000e+00  2.375000e+00
   endloop
 endfacet
 facet normal  0.000000e+00  0.000000e+00  1.000000e+00
   outer loop
     vertex  1.029088e+01 -8.188407e+00  2.375000e+00
     vertex  9.765000e+00 -7.785000e+00  2.375000e+00
     vertex  1.026500e+01 -8.185000e+00  2.375000e+00
   endloop
 endfacet
 facet normal  0.000000e+00  0.000000e+00  1.000000e+00
   outer loop
     vertex  1.016841e+01 -8.310882e+00  2.375000e+00
     vertex  1.016500e+01 -8.285000e+00  2.375000e+00
     vertex  9.765000e+00 -7.785000e+00  2.375000e+00
   endloop
 endfacet
 facet normal  0.000000e+00  0.000000e+00  1.000000e+00
   outer loop
     vertex  1.031500e+01 -8.198397e+00  2.375000e+00
     vertex  9.765000e+00 -7.785000e+00  2.375000e+00
     vertex  1.029088e+01 -8.188407e+00  2.375000e+00
   endloop
 endfacet
 facet normal  0.000000e+00  0.000000e+00  1.000000e+00
   outer loop
     vertex  1.017840e+01 -8.335000e+00  2.375000e+00
     vertex  1.016841e+01 -8.310882e+00  2.375000e+00
     vertex  9.765000e+00 -7.785000e+00  2.375000e+00
   endloop
 endfacet
 facet normal  0.000000e+00  0.000000e+00  1.000000e+00
   outer loop
     vertex  1.226500e+01 -7.785000e+00  2.375000e+00
     vertex  1.031500e+01 -8.198397e+00  2.375000e+00
     vertex  1.033571e+01 -8.214289e+00  2.375000e+00
   endloop
 endfacet
 facet normal  0.000000e+00  0.000000e+00  1.000000e+00
   outer loop
     vertex  1.226500e+01 -7.785000e+00  2.375000e+00
     vertex  1.033571e+01 -8.214289e+00  2.375000e+00
     vertex  1.035160e+01 -8.235000e+00  2.375000e+00
   endloop
 endfacet
 facet normal  0.000000e+00  0.000000e+00  1.000000e+00
   outer loop
     vertex  1.226500e+01 -7.785000e+00  2.375000e+00
     vertex  1.035160e+01 -8.235000e+00  2.375000e+00
     vertex  1.036159e+01 -8.259118e+00  2.375000e+00
   endloop
 endfacet
 facet normal  0.000000e+00  0.000000e+00  1.000000e+00
   outer loop
     vertex  1.226500e+01 -7.785000e+00  2.375000e+00
     vertex  1.036159e+01 -8.259118e+00  2.375000e+00
     vertex  1.036500e+01 -8.285000e+00  2.375000e+00
   endloop
 endfacet
 facet normal  0.000000e+00  0.000000e+00  1.000000e+00
   outer loop
     vertex  1.226500e+01 -7.785000e+00  2.375000e+00
     vertex  1.036500e+01 -8.285000e+00  2.375000e+00
     vertex  1.036159e+01 -8.310882e+00  2.375000e+00
   endloop
 endfacet
 facet normal  0.000000e+00  0.000000e+00  1.000000e+00
   outer loop
     vertex  1.226500e+01 -7.785000e+00  2.375000e+00
     vertex  1.036159e+01 -8.310882e+00  2.375000e+00
     vertex  1.035160e+01 -8.335000e+00  2.375000e+00
   endloop
 endfacet
 facet normal  0.000000e+00  0.000000e+00  1.000000e+00
   outer loop
     vertex  1.226500e+01 -7.785000e+00  2.375000e+00
     vertex  9.765000e+00 -7.785000e+00  2.375000e+00
     vertex  1.031500e+01 -8.198397e+00  2.375000e+00
   endloop
 endfacet
 facet normal  0.000000e+00  0.000000e+00  1.000000e+00
   outer loop
     vertex  9.765000e+00 -1.028500e+01  2.375000e+00
     vertex  1.026500e+01 -8.385000e+00  2.375000e+00
     vertex  1.023912e+01 -8.381593e+00  2.375000e+00
   endloop
 endfacet
 facet normal  0.000000e+00  0.000000e+00  1.000000e+00
   outer loop
     vertex  9.765000e+00 -1.028500e+01  2.375000e+00
     vertex  1.023912e+01 -8.381593e+00  2.375000e+00
     vertex  1.021500e+01 -8.371603e+00  2.375000e+00
   endloop
 endfacet
 facet normal  0.000000e+00  0.000000e+00  1.000000e+00
   outer loop
     vertex  9.765000e+00 -1.028500e+01  2.375000e+00
     vertex  1.021500e+01 -8.371603e+00  2.375000e+00
     vertex  1.019429e+01 -8.355711e+00  2.375000e+00
   endloop
 endfacet
 facet normal  0.000000e+00  0.000000e+00  1.000000e+00
   outer loop
     vertex  9.765000e+00 -1.028500e+01  2.375000e+00
     vertex  1.019429e+01 -8.355711e+00  2.375000e+00
     vertex  1.017840e+01 -8.335000e+00  2.375000e+00
   endloop
 endfacet
 facet normal  0.000000e+00  0.000000e+00  1.000000e+00
   outer loop
     vertex  9.765000e+00 -1.028500e+01  2.375000e+00
     vertex  1.031500e+01 -8.371603e+00  2.375000e+00
     vertex  1.029088e+01 -8.381593e+00  2.375000e+00
   endloop
 endfacet
 facet normal  0.000000e+00  0.000000e+00  1.000000e+00
   outer loop
     vertex  9.765000e+00 -1.028500e+01  2.375000e+00
     vertex  1.029088e+01 -8.381593e+00  2.375000e+00
     vertex  1.026500e+01 -8.385000e+00  2.375000e+00
   endloop
 endfacet
 facet normal  0.000000e+00  0.000000e+00  1.000000e+00
   outer loop
     vertex  9.765000e+00 -1.028500e+01  2.375000e+00
     vertex  1.017840e+01 -8.335000e+00  2.375000e+00
     vertex  9.765000e+00 -7.785000e+00  2.375000e+00
   endloop
 endfacet
 facet normal  0.000000e+00  0.000000e+00  1.000000e+00
   outer loop
     vertex  1.226500e+01 -1.028500e+01  2.375000e+00
     vertex  1.035160e+01 -8.335000e+00  2.375000e+00
     vertex  1.033571e+01 -8.355711e+00  2.375000e+00
   endloop
 endfacet
 facet normal  0.000000e+00  0.000000e+00  1.000000e+00
   outer loop
     vertex  1.226500e+01 -1.028500e+01  2.375000e+00
     vertex  1.033571e+01 -8.355711e+00  2.375000e+00
     vertex  1.031500e+01 -8.371603e+00  2.375000e+00
   endloop
 endfacet
 facet normal  0.000000e+00  0.000000e+00  1.000000e+00
   outer loop
     vertex  1.226500e+01 -1.028500e+01  2.375000e+00
     vertex  1.031500e+01 -8.371603e+00  2.375000e+00
     vertex  9.765000e+00 -1.028500e+01  2.375000e+00
   endloop
 endfacet
 facet normal  0.000000e+00 -0.000000e+00  1.000000e+00
   outer loop
     vertex  1.226500e+01 -1.028500e+01  2.375000e+00
     vertex  1.226500e+01 -7.785000e+00  2.375000e+00
     vertex  1.035160e+01 -8.335000e+00  2.375000e+00
   endloop
 endfacet
 facet normal  0.000000e+00  0.000000e+00 -1.000000e+00
   outer loop
     vertex  1.186500e+01 -8.385000e+00  1.595000e+00
     vertex  1.211500e+01 -7.885000e+00  1.595000e+00
     vertex  1.211500e+01 -8.385000e+00  1.595000e+00
   endloop
 endfacet
 facet normal  0.000000e+00  0.000000e+00 -1.000000e+00
   outer loop
     vertex  1.186500e+01 -8.385000e+00  1.595000e+00
     vertex  1.186500e+01 -7.885000e+00  1.595000e+00
     vertex  1.211500e+01 -7.885000e+00  1.595000e+00
   endloop
 endfacet
 facet normal  0.000000e+00  0.000000e+00 -1.000000e+00
   outer loop
     vertex  1.121500e+01 -8.385000e+00  1.595000e+00
     vertex  1.146500e+01 -7.885000e+00  1.595000e+00
     vertex  1.146500e+01 -8.385000e+00  1.595000e+00
   endloop
 endfacet
 facet normal  0.000000e+00  0.000000e+00 -1.000000e+00
   outer loop
     vertex  1.121500e+01 -8.385000e+00  1.595000e+00
     vertex  1.121500e+01 -7.885000e+00  1.595000e+00
     vertex  1.146500e+01 -7.885000e+00  1.595000e+00
   endloop
 endfacet
 facet normal  0.000000e+00  0.000000e+00 -1.000000e+00
   outer loop
     vertex  1.056500e+01 -8.385000e+00  1.595000e+00
     vertex  1.081500e+01 -7.885000e+00  1.595000e+00
     vertex  1.081500e+01 -8.385000e+00  1.595000e+00
   endloop
 endfacet
 facet normal  0.000000e+00  0.000000e+00 -1.000000e+00
   outer loop
     vertex  1.056500e+01 -8.385000e+00  1.595000e+00
     vertex  1.056500e+01 -7.885000e+00  1.595000e+00
     vertex  1.081500e+01 -7.885000e+00  1.595000e+00
   endloop
 endfacet
 facet normal -0.000000e+00  0.000000e+00 -1.000000e+00
   outer loop
     vertex  1.081500e+01 -9.685000e+00  1.595000e+00
     vertex  1.056500e+01 -1.018500e+01  1.595000e+00
     vertex  1.056500e+01 -9.685000e+00  1.595000e+00
   endloop
 endfacet
 facet normal  0.000000e+00 -0.000000e+00 -1.000000e+00
   outer loop
     vertex  1.081500e+01 -9.685000e+00  1.595000e+00
     vertex  1.081500e+01 -1.018500e+01  1.595000e+00
     vertex  1.056500e+01 -1.018500e+01  1.595000e+00
   endloop
 endfacet
 facet normal -0.000000e+00  0.000000e+00 -1.000000e+00
   outer loop
     vertex  1.146500e+01 -9.685000e+00  1.595000e+00
     vertex  1.121500e+01 -1.018500e+01  1.595000e+00
     vertex  1.121500e+01 -9.685000e+00  1.595000e+00
   endloop
 endfacet
 facet normal  0.000000e+00 -0.000000e+00 -1.000000e+00
   outer loop
     vertex  1.146500e+01 -9.685000e+00  1.595000e+00
     vertex  1.146500e+01 -1.018500e+01  1.595000e+00
     vertex  1.121500e+01 -1.018500e+01  1.595000e+00
   endloop
 endfacet
 facet normal -0.000000e+00  0.000000e+00 -1.000000e+00
   outer loop
     vertex  1.211500e+01 -9.685000e+00  1.595000e+00
     vertex  1.186500e+01 -1.018500e+01  1.595000e+00
     vertex  1.186500e+01 -9.685000e+00  1.595000e+00
   endloop
 endfacet
 facet normal  0.000000e+00 -0.000000e+00 -1.000000e+00
   outer loop
     vertex  1.211500e+01 -9.685000e+00  1.595000e+00
     vertex  1.211500e+01 -1.018500e+01  1.595000e+00
     vertex  1.186500e+01 -1.018500e+01  1.595000e+00
   endloop
 endfacet
 facet normal -0.000000e+00  0.000000e+00 -1.000000e+00
   outer loop
     vertex  1.016500e+01 -9.685000e+00  1.595000e+00
     vertex  9.915000e+00 -1.018500e+01  1.595000e+00
     vertex  9.915000e+00 -9.685000e+00  1.595000e+00
   endloop
 endfacet
 facet normal  0.000000e+00 -0.000000e+00 -1.000000e+00
   outer loop
     vertex  1.016500e+01 -9.685000e+00  1.595000e+00
     vertex  1.016500e+01 -1.018500e+01  1.595000e+00
     vertex  9.915000e+00 -1.018500e+01  1.595000e+00
   endloop
 endfacet
 facet normal  1.305262e-01  9.914449e-01  0.000000e+00
   outer loop
     vertex  1.023912e+01 -8.381593e+00  2.355000e+00
     vertex  1.026500e+01 -8.385000e+00  2.375000e+00
     vertex  1.026500e+01 -8.385000e+00  2.355000e+00
   endloop
 endfacet
 facet normal  1.305262e-01  9.914449e-01 -0.000000e+00
   outer loop
     vertex  1.023912e+01 -8.381593e+00  2.355000e+00
     vertex  1.023912e+01 -8.381593e+00  2.375000e+00
     vertex  1.026500e+01 -8.385000e+00  2.375000e+00
   endloop
 endfacet
 facet normal  3.826834e-01  9.238795e-01 -0.000000e+00
   outer loop
     vertex  1.021500e+01 -8.371603e+00  2.355000e+00
     vertex  1.021500e+01 -8.371603e+00  2.375000e+00
     vertex  1.023912e+01 -8.381593e+00  2.375000e+00
   endloop
 endfacet
 facet normal  3.826834e-01  9.238795e-01  0.000000e+00
   outer loop
     vertex  1.021500e+01 -8.371603e+00  2.355000e+00
     vertex  1.023912e+01 -8.381593e+00  2.375000e+00
     vertex  1.023912e+01 -8.381593e+00  2.355000e+00
   endloop
 endfacet
 facet normal  6.087614e-01  7.933533e-01 -0.000000e+00
   outer loop
     vertex  1.019429e+01 -8.355711e+00  2.355000e+00
     vertex  1.019429e+01 -8.355711e+00  2.375000e+00
     vertex  1.021500e+01 -8.371603e+00  2.375000e+00
   endloop
 endfacet
 facet normal  6.087614e-01  7.933533e-01  0.000000e+00
   outer loop
     vertex  1.019429e+01 -8.355711e+00  2.355000e+00
     vertex  1.021500e+01 -8.371603e+00  2.375000e+00
     vertex  1.021500e+01 -8.371603e+00  2.355000e+00
   endloop
 endfacet
 facet normal  7.933533e-01  6.087614e-01 -0.000000e+00
   outer loop
     vertex  1.017840e+01 -8.335000e+00  2.355000e+00
     vertex  1.017840e+01 -8.335000e+00  2.375000e+00
     vertex  1.019429e+01 -8.355711e+00  2.375000e+00
   endloop
 endfacet
 facet normal  7.933533e-01  6.087614e-01  0.000000e+00
   outer loop
     vertex  1.017840e+01 -8.335000e+00  2.355000e+00
     vertex  1.019429e+01 -8.355711e+00  2.375000e+00
     vertex  1.019429e+01 -8.355711e+00  2.355000e+00
   endloop
 endfacet
 facet normal  9.238795e-01  3.826834e-01 -0.000000e+00
   outer loop
     vertex  1.016841e+01 -8.310882e+00  2.355000e+00
     vertex  1.016841e+01 -8.310882e+00  2.375000e+00
     vertex  1.017840e+01 -8.335000e+00  2.375000e+00
   endloop
 endfacet
 facet normal  9.238795e-01  3.826834e-01  0.000000e+00
   outer loop
     vertex  1.016841e+01 -8.310882e+00  2.355000e+00
     vertex  1.017840e+01 -8.335000e+00  2.375000e+00
     vertex  1.017840e+01 -8.335000e+00  2.355000e+00
   endloop
 endfacet
 facet normal  9.914449e-01  1.305262e-01 -0.000000e+00
   outer loop
     vertex  1.016500e+01 -8.285000e+00  2.355000e+00
     vertex  1.016500e+01 -8.285000e+00  2.375000e+00
     vertex  1.016841e+01 -8.310882e+00  2.375000e+00
   endloop
 endfacet
 facet normal  9.914449e-01  1.305262e-01  0.000000e+00
   outer loop
     vertex  1.016500e+01 -8.285000e+00  2.355000e+00
     vertex  1.016841e+01 -8.310882e+00  2.375000e+00
     vertex  1.016841e+01 -8.310882e+00  2.355000e+00
   endloop
 endfacet
 facet normal  9.914449e-01 -1.305262e-01  0.000000e+00
   outer loop
     vertex  1.016841e+01 -8.259118e+00  2.355000e+00
     vertex  1.016841e+01 -8.259118e+00  2.375000e+00
     vertex  1.016500e+01 -8.285000e+00  2.375000e+00
   endloop
 endfacet
 facet normal  9.914449e-01 -1.305262e-01  0.000000e+00
   outer loop
     vertex  1.016841e+01 -8.259118e+00  2.355000e+00
     vertex  1.016500e+01 -8.285000e+00  2.375000e+00
     vertex  1.016500e+01 -8.285000e+00  2.355000e+00
   endloop
 endfacet
 facet normal  9.238795e-01 -3.826834e-01  0.000000e+00
   outer loop
     vertex  1.017840e+01 -8.235000e+00  2.355000e+00
     vertex  1.017840e+01 -8.235000e+00  2.375000e+00
     vertex  1.016841e+01 -8.259118e+00  2.375000e+00
   endloop
 endfacet
 facet normal  9.238795e-01 -3.826834e-01  0.000000e+00
   outer loop
     vertex  1.017840e+01 -8.235000e+00  2.355000e+00
     vertex  1.016841e+01 -8.259118e+00  2.375000e+00
     vertex  1.016841e+01 -8.259118e+00  2.355000e+00
   endloop
 endfacet
 facet normal  7.933533e-01 -6.087614e-01  0.000000e+00
   outer loop
     vertex  1.019429e+01 -8.214289e+00  2.355000e+00
     vertex  1.019429e+01 -8.214289e+00  2.375000e+00
     vertex  1.017840e+01 -8.235000e+00  2.375000e+00
   endloop
 endfacet
 facet normal  7.933533e-01 -6.087614e-01  0.000000e+00
   outer loop
     vertex  1.019429e+01 -8.214289e+00  2.355000e+00
     vertex  1.017840e+01 -8.235000e+00  2.375000e+00
     vertex  1.017840e+01 -8.235000e+00  2.355000e+00
   endloop
 endfacet
 facet normal  6.087614e-01 -7.933533e-01  0.000000e+00
   outer loop
     vertex  1.021500e+01 -8.198397e+00  2.355000e+00
     vertex  1.021500e+01 -8.198397e+00  2.375000e+00
     vertex  1.019429e+01 -8.214289e+00  2.375000e+00
   endloop
 endfacet
 facet normal  6.087614e-01 -7.933533e-01  0.000000e+00
   outer loop
     vertex  1.021500e+01 -8.198397e+00  2.355000e+00
     vertex  1.019429e+01 -8.214289e+00  2.375000e+00
     vertex  1.019429e+01 -8.214289e+00  2.355000e+00
   endloop
 endfacet
 facet normal  3.826834e-01 -9.238795e-01  0.000000e+00
   outer loop
     vertex  1.023912e+01 -8.188407e+00  2.355000e+00
     vertex  1.023912e+01 -8.188407e+00  2.375000e+00
     vertex  1.021500e+01 -8.198397e+00  2.375000e+00
   endloop
 endfacet
 facet normal  3.826834e-01 -9.238795e-01  0.000000e+00
   outer loop
     vertex  1.023912e+01 -8.188407e+00  2.355000e+00
     vertex  1.021500e+01 -8.198397e+00  2.375000e+00
     vertex  1.021500e+01 -8.198397e+00  2.355000e+00
   endloop
 endfacet
 facet normal  1.305262e-01 -9.914449e-01  0.000000e+00
   outer loop
     vertex  1.026500e+01 -8.185000e+00  2.355000e+00
     vertex  1.023912e+01 -8.188407e+00  2.375000e+00
     vertex  1.023912e+01 -8.188407e+00  2.355000e+00
   endloop
 endfacet
 facet normal  1.305262e-01 -9.914449e-01  0.000000e+00
   outer loop
     vertex  1.026500e+01 -8.185000e+00  2.355000e+00
     vertex  1.026500e+01 -8.185000e+00  2.375000e+00
     vertex  1.023912e+01 -8.188407e+00  2.375000e+00
   endloop
 endfacet
 facet normal -1.305262e-01 -9.914449e-01  0.000000e+00
   outer loop
     vertex  1.029088e+01 -8.188407e+00  2.355000e+00
     vertex  1.026500e+01 -8.185000e+00  2.375000e+00
     vertex  1.026500e+01 -8.185000e+00  2.355000e+00
   endloop
 endfacet
 facet normal -1.305262e-01 -9.914449e-01  0.000000e+00
   outer loop
     vertex  1.029088e+01 -8.188407e+00  2.355000e+00
     vertex  1.029088e+01 -8.188407e+00  2.375000e+00
     vertex  1.026500e+01 -8.185000e+00  2.375000e+00
   endloop
 endfacet
 facet normal -3.826834e-01 -9.238795e-01  0.000000e+00
   outer loop
     vertex  1.031500e+01 -8.198397e+00  2.355000e+00
     vertex  1.029088e+01 -8.188407e+00  2.375000e+00
     vertex  1.029088e+01 -8.188407e+00  2.355000e+00
   endloop
 endfacet
 facet normal -3.826834e-01 -9.238795e-01  0.000000e+00
   outer loop
     vertex  1.031500e+01 -8.198397e+00  2.355000e+00
     vertex  1.031500e+01 -8.198397e+00  2.375000e+00
     vertex  1.029088e+01 -8.188407e+00  2.375000e+00
   endloop
 endfacet
 facet normal -6.087614e-01 -7.933533e-01  0.000000e+00
   outer loop
     vertex  1.033571e+01 -8.214289e+00  2.355000e+00
     vertex  1.031500e+01 -8.198397e+00  2.375000e+00
     vertex  1.031500e+01 -8.198397e+00  2.355000e+00
   endloop
 endfacet
 facet normal -6.087614e-01 -7.933533e-01  0.000000e+00
   outer loop
     vertex  1.033571e+01 -8.214289e+00  2.355000e+00
     vertex  1.033571e+01 -8.214289e+00  2.375000e+00
     vertex  1.031500e+01 -8.198397e+00  2.375000e+00
   endloop
 endfacet
 facet normal -7.933533e-01 -6.087614e-01  0.000000e+00
   outer loop
     vertex  1.035160e+01 -8.235000e+00  2.355000e+00
     vertex  1.033571e+01 -8.214289e+00  2.375000e+00
     vertex  1.033571e+01 -8.214289e+00  2.355000e+00
   endloop
 endfacet
 facet normal -7.933533e-01 -6.087614e-01  0.000000e+00
   outer loop
     vertex  1.035160e+01 -8.235000e+00  2.355000e+00
     vertex  1.035160e+01 -8.235000e+00  2.375000e+00
     vertex  1.033571e+01 -8.214289e+00  2.375000e+00
   endloop
 endfacet
 facet normal -9.238795e-01 -3.826834e-01  0.000000e+00
   outer loop
     vertex  1.036159e+01 -8.259118e+00  2.355000e+00
     vertex  1.035160e+01 -8.235000e+00  2.375000e+00
     vertex  1.035160e+01 -8.235000e+00  2.355000e+00
   endloop
 endfacet
 facet normal -9.238795e-01 -3.826834e-01  0.000000e+00
   outer loop
     vertex  1.036159e+01 -8.259118e+00  2.355000e+00
     vertex  1.036159e+01 -8.259118e+00  2.375000e+00
     vertex  1.035160e+01 -8.235000e+00  2.375000e+00
   endloop
 endfacet
 facet normal -9.914449e-01 -1.305262e-01  0.000000e+00
   outer loop
     vertex  1.036500e+01 -8.285000e+00  2.355000e+00
     vertex  1.036159e+01 -8.259118e+00  2.375000e+00
     vertex  1.036159e+01 -8.259118e+00  2.355000e+00
   endloop
 endfacet
 facet normal -9.914449e-01 -1.305262e-01  0.000000e+00
   outer loop
     vertex  1.036500e+01 -8.285000e+00  2.355000e+00
     vertex  1.036500e+01 -8.285000e+00  2.375000e+00
     vertex  1.036159e+01 -8.259118e+00  2.375000e+00
   endloop
 endfacet
 facet normal -9.914449e-01  1.305262e-01  0.000000e+00
   outer loop
     vertex  1.036159e+01 -8.310882e+00  2.355000e+00
     vertex  1.036500e+01 -8.285000e+00  2.375000e+00
     vertex  1.036500e+01 -8.285000e+00  2.355000e+00
   endloop
 endfacet
 facet normal -9.914449e-01  1.305262e-01  0.000000e+00
   outer loop
     vertex  1.036159e+01 -8.310882e+00  2.355000e+00
     vertex  1.036159e+01 -8.310882e+00  2.375000e+00
     vertex  1.036500e+01 -8.285000e+00  2.375000e+00
   endloop
 endfacet
 facet normal -9.238795e-01  3.826834e-01  0.000000e+00
   outer loop
     vertex  1.035160e+01 -8.335000e+00  2.355000e+00
     vertex  1.036159e+01 -8.310882e+00  2.375000e+00
     vertex  1.036159e+01 -8.310882e+00  2.355000e+00
   endloop
 endfacet
 facet normal -9.238795e-01  3.826834e-01  0.000000e+00
   outer loop
     vertex  1.035160e+01 -8.335000e+00  2.355000e+00
     vertex  1.035160e+01 -8.335000e+00  2.375000e+00
     vertex  1.036159e+01 -8.310882e+00  2.375000e+00
   endloop
 endfacet
 facet normal -7.933533e-01  6.087614e-01  0.000000e+00
   outer loop
     vertex  1.033571e+01 -8.355711e+00  2.355000e+00
     vertex  1.035160e+01 -8.335000e+00  2.375000e+00
     vertex  1.035160e+01 -8.335000e+00  2.355000e+00
   endloop
 endfacet
 facet normal -7.933533e-01  6.087614e-01  0.000000e+00
   outer loop
     vertex  1.033571e+01 -8.355711e+00  2.355000e+00
     vertex  1.033571e+01 -8.355711e+00  2.375000e+00
     vertex  1.035160e+01 -8.335000e+00  2.375000e+00
   endloop
 endfacet
 facet normal -6.087614e-01  7.933533e-01  0.000000e+00
   outer loop
     vertex  1.031500e+01 -8.371603e+00  2.355000e+00
     vertex  1.033571e+01 -8.355711e+00  2.375000e+00
     vertex  1.033571e+01 -8.355711e+00  2.355000e+00
   endloop
 endfacet
 facet normal -6.087614e-01  7.933533e-01  0.000000e+00
   outer loop
     vertex  1.031500e+01 -8.371603e+00  2.355000e+00
     vertex  1.031500e+01 -8.371603e+00  2.375000e+00
     vertex  1.033571e+01 -8.355711e+00  2.375000e+00
   endloop
 endfacet
 facet normal -3.826834e-01  9.238795e-01  0.000000e+00
   outer loop
     vertex  1.029088e+01 -8.381593e+00  2.355000e+00
     vertex  1.031500e+01 -8.371603e+00  2.375000e+00
     vertex  1.031500e+01 -8.371603e+00  2.355000e+00
   endloop
 endfacet
 facet normal -3.826834e-01  9.238795e-01  0.000000e+00
   outer loop
     vertex  1.029088e+01 -8.381593e+00  2.355000e+00
     vertex  1.029088e+01 -8.381593e+00  2.375000e+00
     vertex  1.031500e+01 -8.371603e+00  2.375000e+00
   endloop
 endfacet
 facet normal -1.305262e-01  9.914449e-01  0.000000e+00
   outer loop
     vertex  1.026500e+01 -8.385000e+00  2.355000e+00
     vertex  1.029088e+01 -8.381593e+00  2.375000e+00
     vertex  1.029088e+01 -8.381593e+00  2.355000e+00
   endloop
 endfacet
 facet normal -1.305262e-01  9.914449e-01  0.000000e+00
   outer loop
     vertex  1.026500e+01 -8.385000e+00  2.355000e+00
     vertex  1.026500e+01 -8.385000e+00  2.375000e+00
     vertex  1.029088e+01 -8.381593e+00  2.375000e+00
   endloop
 endfacet
 facet normal  0.000000e+00  0.000000e+00  1.000000e+00
   outer loop
     vertex  1.033571e+01 -8.355711e+00  2.355000e+00
     vertex  1.026500e+01 -8.385000e+00  2.355000e+00
     vertex  1.029088e+01 -8.381593e+00  2.355000e+00
   endloop
 endfacet
 facet normal  0.000000e+00  0.000000e+00  1.000000e+00
   outer loop
     vertex  1.033571e+01 -8.355711e+00  2.355000e+00
     vertex  1.029088e+01 -8.381593e+00  2.355000e+00
     vertex  1.031500e+01 -8.371603e+00  2.355000e+00
   endloop
 endfacet
 facet normal  0.000000e+00  0.000000e+00  1.000000e+00
   outer loop
     vertex  1.033571e+01 -8.355711e+00  2.355000e+00
     vertex  1.035160e+01 -8.335000e+00  2.355000e+00
     vertex  1.036159e+01 -8.310882e+00  2.355000e+00
   endloop
 endfacet
 facet normal  0.000000e+00  0.000000e+00  1.000000e+00
   outer loop
     vertex  1.033571e+01 -8.355711e+00  2.355000e+00
     vertex  1.036159e+01 -8.310882e+00  2.355000e+00
     vertex  1.036500e+01 -8.285000e+00  2.355000e+00
   endloop
 endfacet
 facet normal  0.000000e+00  0.000000e+00  1.000000e+00
   outer loop
     vertex  1.033571e+01 -8.355711e+00  2.355000e+00
     vertex  1.036500e+01 -8.285000e+00  2.355000e+00
     vertex  1.036159e+01 -8.259118e+00  2.355000e+00
   endloop
 endfacet
 facet normal  0.000000e+00  0.000000e+00  1.000000e+00
   outer loop
     vertex  1.033571e+01 -8.355711e+00  2.355000e+00
     vertex  1.036159e+01 -8.259118e+00  2.355000e+00
     vertex  1.035160e+01 -8.235000e+00  2.355000e+00
   endloop
 endfacet
 facet normal  0.000000e+00  0.000000e+00  1.000000e+00
   outer loop
     vertex  1.033571e+01 -8.355711e+00  2.355000e+00
     vertex  1.035160e+01 -8.235000e+00  2.355000e+00
     vertex  1.033571e+01 -8.214289e+00  2.355000e+00
   endloop
 endfacet
 facet normal  0.000000e+00 -0.000000e+00  1.000000e+00
   outer loop
     vertex  1.033571e+01 -8.355711e+00  2.355000e+00
     vertex  1.033571e+01 -8.214289e+00  2.355000e+00
     vertex  1.031500e+01 -8.198397e+00  2.355000e+00
   endloop
 endfacet
 facet normal  0.000000e+00  0.000000e+00  1.000000e+00
   outer loop
     vertex  1.033571e+01 -8.355711e+00  2.355000e+00
     vertex  1.031500e+01 -8.198397e+00  2.355000e+00
     vertex  1.029088e+01 -8.188407e+00  2.355000e+00
   endloop
 endfacet
 facet normal  0.000000e+00  0.000000e+00  1.000000e+00
   outer loop
     vertex  1.033571e+01 -8.355711e+00  2.355000e+00
     vertex  1.029088e+01 -8.188407e+00  2.355000e+00
     vertex  1.026500e+01 -8.185000e+00  2.355000e+00
   endloop
 endfacet
 facet normal  0.000000e+00  0.000000e+00  1.000000e+00
   outer loop
     vertex  1.033571e+01 -8.355711e+00  2.355000e+00
     vertex  1.026500e+01 -8.185000e+00  2.355000e+00
     vertex  1.023912e+01 -8.188407e+00  2.355000e+00
   endloop
 endfacet
 facet normal  0.000000e+00  0.000000e+00  1.000000e+00
   outer loop
     vertex  1.033571e+01 -8.355711e+00  2.355000e+00
     vertex  1.023912e+01 -8.188407e+00  2.355000e+00
     vertex  1.021500e+01 -8.198397e+00  2.355000e+00
   endloop
 endfacet
 facet normal  0.000000e+00  0.000000e+00  1.000000e+00
   outer loop
     vertex  1.033571e+01 -8.355711e+00  2.355000e+00
     vertex  1.021500e+01 -8.198397e+00  2.355000e+00
     vertex  1.019429e+01 -8.214289e+00  2.355000e+00
   endloop
 endfacet
 facet normal  0.000000e+00  0.000000e+00  1.000000e+00
   outer loop
     vertex  1.033571e+01 -8.355711e+00  2.355000e+00
     vertex  1.019429e+01 -8.214289e+00  2.355000e+00
     vertex  1.017840e+01 -8.235000e+00  2.355000e+00
   endloop
 endfacet
 facet normal  0.000000e+00  0.000000e+00  1.000000e+00
   outer loop
     vertex  1.033571e+01 -8.355711e+00  2.355000e+00
     vertex  1.017840e+01 -8.235000e+00  2.355000e+00
     vertex  1.016841e+01 -8.259118e+00  2.355000e+00
   endloop
 endfacet
 facet normal  0.000000e+00  0.000000e+00  1.000000e+00
   outer loop
     vertex  1.033571e+01 -8.355711e+00  2.355000e+00
     vertex  1.016841e+01 -8.259118e+00  2.355000e+00
     vertex  1.016500e+01 -8.285000e+00  2.355000e+00
   endloop
 endfacet
 facet normal  0.000000e+00  0.000000e+00  1.000000e+00
   outer loop
     vertex  1.033571e+01 -8.355711e+00  2.355000e+00
     vertex  1.016500e+01 -8.285000e+00  2.355000e+00
     vertex  1.016841e+01 -8.310882e+00  2.355000e+00
   endloop
 endfacet
 facet normal  0.000000e+00  0.000000e+00  1.000000e+00
   outer loop
     vertex  1.033571e+01 -8.355711e+00  2.355000e+00
     vertex  1.016841e+01 -8.310882e+00  2.355000e+00
     vertex  1.017840e+01 -8.335000e+00  2.355000e+00
   endloop
 endfacet
 facet normal  0.000000e+00  0.000000e+00  1.000000e+00
   outer loop
     vertex  1.033571e+01 -8.355711e+00  2.355000e+00
     vertex  1.017840e+01 -8.335000e+00  2.355000e+00
     vertex  1.019429e+01 -8.355711e+00  2.355000e+00
   endloop
 endfacet
 facet normal  0.000000e+00  0.000000e+00  1.000000e+00
   outer loop
     vertex  1.033571e+01 -8.355711e+00  2.355000e+00
     vertex  1.019429e+01 -8.355711e+00  2.355000e+00
     vertex  1.021500e+01 -8.371603e+00  2.355000e+00
   endloop
 endfacet
 facet normal  0.000000e+00  0.000000e+00  1.000000e+00
   outer loop
     vertex  1.033571e+01 -8.355711e+00  2.355000e+00
     vertex  1.021500e+01 -8.371603e+00  2.355000e+00
     vertex  1.023912e+01 -8.381593e+00  2.355000e+00
   endloop
 endfacet
 facet normal  0.000000e+00  0.000000e+00  1.000000e+00
   outer loop
     vertex  1.033571e+01 -8.355711e+00  2.355000e+00
     vertex  1.023912e+01 -8.381593e+00  2.355000e+00
     vertex  1.026500e+01 -8.385000e+00  2.355000e+00
   endloop
 endfacet
 facet normal -1.000000e+00  0.000000e+00  0.000000e+00
   outer loop
     vertex  1.020000e+01 -1.790000e+01  2.000000e+00
     vertex  1.020000e+01 -1.710000e+01  1.640000e+00
     vertex  1.020000e+01 -1.790000e+01  1.640000e+00
   endloop
 endfacet
 facet normal -1.000000e+00  0.000000e+00  0.000000e+00
   outer loop
     vertex  1.020000e+01 -1.790000e+01  2.000000e+00
     vertex  1.020000e+01 -1.710000e+01  2.000000e+00
     vertex  1.020000e+01 -1.710000e+01  1.640000e+00
   endloop
 endfacet
 facet normal -0.000000e+00 -1.000000e+00  0.000000e+00
   outer loop
     vertex  1.024500e+01 -1.790000e+01  1.640000e+00
     vertex  1.020000e+01 -1.790000e+01  1.640000e+00
     vertex  1.020153e+01 -1.790000e+01  1.628353e+00
   endloop
 endfacet
 facet normal  0.000000e+00 -1.000000e+00  0.000000e+00
   outer loop
     vertex  1.024500e+01 -1.790000e+01  1.640000e+00
     vertex  1.020153e+01 -1.790000e+01  1.628353e+00
     vertex  1.020603e+01 -1.790000e+01  1.617500e+00
   endloop
 endfacet
 facet normal  0.000000e+00 -1.000000e+00  0.000000e+00
   outer loop
     vertex  1.024500e+01 -1.790000e+01  1.640000e+00
     vertex  1.020603e+01 -1.790000e+01  1.617500e+00
     vertex  1.021318e+01 -1.790000e+01  1.608180e+00
   endloop
 endfacet
 facet normal  0.000000e+00 -1.000000e+00  0.000000e+00
   outer loop
     vertex  1.024500e+01 -1.790000e+01  1.640000e+00
     vertex  1.021318e+01 -1.790000e+01  1.608180e+00
     vertex  1.022250e+01 -1.790000e+01  1.601029e+00
   endloop
 endfacet
 facet normal  0.000000e+00 -1.000000e+00  0.000000e+00
   outer loop
     vertex  1.024500e+01 -1.790000e+01  1.640000e+00
     vertex  1.022250e+01 -1.790000e+01  1.601029e+00
     vertex  1.023335e+01 -1.790000e+01  1.596533e+00
   endloop
 endfacet
 facet normal  0.000000e+00 -1.000000e+00 -0.000000e+00
   outer loop
     vertex  1.024500e+01 -1.790000e+01  1.640000e+00
     vertex  1.023335e+01 -1.790000e+01  1.596533e+00
     vertex  1.024500e+01 -1.790000e+01  1.595000e+00
   endloop
 endfacet
 facet normal  0.000000e+00 -1.000000e+00  0.000000e+00
   outer loop
     vertex  1.045500e+01 -1.790000e+01  1.595000e+00
     vertex  1.024500e+01 -1.790000e+01  1.640000e+00
     vertex  1.024500e+01 -1.790000e+01  1.595000e+00
   endloop
 endfacet
 facet normal  0.000000e+00 -1.000000e+00  0.000000e+00
   outer loop
     vertex  1.050000e+01 -1.790000e+01  1.640000e+00
     vertex  1.049397e+01 -1.790000e+01  1.617500e+00
     vertex  1.049847e+01 -1.790000e+01  1.628353e+00
   endloop
 endfacet
 facet normal  0.000000e+00 -1.000000e+00  0.000000e+00
   outer loop
     vertex  1.050000e+01 -1.790000e+01  1.640000e+00
     vertex  1.048682e+01 -1.790000e+01  1.608180e+00
     vertex  1.049397e+01 -1.790000e+01  1.617500e+00
   endloop
 endfacet
 facet normal  0.000000e+00 -1.000000e+00  0.000000e+00
   outer loop
     vertex  1.050000e+01 -1.790000e+01  1.640000e+00
     vertex  1.047750e+01 -1.790000e+01  1.601029e+00
     vertex  1.048682e+01 -1.790000e+01  1.608180e+00
   endloop
 endfacet
 facet normal  0.000000e+00 -1.000000e+00  0.000000e+00
   outer loop
     vertex  1.050000e+01 -1.790000e+01  1.640000e+00
     vertex  1.046665e+01 -1.790000e+01  1.596533e+00
     vertex  1.047750e+01 -1.790000e+01  1.601029e+00
   endloop
 endfacet
 facet normal  0.000000e+00 -1.000000e+00  0.000000e+00
   outer loop
     vertex  1.050000e+01 -1.790000e+01  1.640000e+00
     vertex  1.045500e+01 -1.790000e+01  1.595000e+00
     vertex  1.046665e+01 -1.790000e+01  1.596533e+00
   endloop
 endfacet
 facet normal -0.000000e+00 -1.000000e+00  0.000000e+00
   outer loop
     vertex  1.050000e+01 -1.790000e+01  1.640000e+00
     vertex  1.024500e+01 -1.790000e+01  1.640000e+00
     vertex  1.045500e+01 -1.790000e+01  1.595000e+00
   endloop
 endfacet
 facet normal -0.000000e+00 -1.000000e+00  0.000000e+00
   outer loop
     vertex  1.024500e+01 -1.790000e+01  2.000000e+00
     vertex  1.020000e+01 -1.790000e+01  2.000000e+00
     vertex  1.020000e+01 -1.790000e+01  1.640000e+00
   endloop
 endfacet
 facet normal  0.000000e+00 -1.000000e+00  0.000000e+00
   outer loop
     vertex  1.024500e+01 -1.790000e+01  2.000000e+00
     vertex  1.020153e+01 -1.790000e+01  2.011647e+00
     vertex  1.020000e+01 -1.790000e+01  2.000000e+00
   endloop
 endfacet
 facet normal  0.000000e+00 -1.000000e+00  0.000000e+00
   outer loop
     vertex  1.024500e+01 -1.790000e+01  2.000000e+00
     vertex  1.020603e+01 -1.790000e+01  2.022500e+00
     vertex  1.020153e+01 -1.790000e+01  2.011647e+00
   endloop
 endfacet
 facet normal  0.000000e+00 -1.000000e+00  0.000000e+00
   outer loop
     vertex  1.024500e+01 -1.790000e+01  2.000000e+00
     vertex  1.021318e+01 -1.790000e+01  2.031820e+00
     vertex  1.020603e+01 -1.790000e+01  2.022500e+00
   endloop
 endfacet
 facet normal  0.000000e+00 -1.000000e+00 -0.000000e+00
   outer loop
     vertex  1.024500e+01 -1.790000e+01  2.000000e+00
     vertex  1.020000e+01 -1.790000e+01  1.640000e+00
     vertex  1.024500e+01 -1.790000e+01  1.640000e+00
   endloop
 endfacet
 facet normal  0.000000e+00 -1.000000e+00 -0.000000e+00
   outer loop
     vertex  1.022250e+01 -1.790000e+01  2.038971e+00
     vertex  1.021318e+01 -1.790000e+01  2.031820e+00
     vertex  1.024500e+01 -1.790000e+01  2.000000e+00
   endloop
 endfacet
 facet normal  0.000000e+00 -1.000000e+00 -0.000000e+00
   outer loop
     vertex  1.023335e+01 -1.790000e+01  2.043467e+00
     vertex  1.022250e+01 -1.790000e+01  2.038971e+00
     vertex  1.024500e+01 -1.790000e+01  2.000000e+00
   endloop
 endfacet
 facet normal  0.000000e+00 -1.000000e+00 -0.000000e+00
   outer loop
     vertex  1.024500e+01 -1.790000e+01  2.045000e+00
     vertex  1.023335e+01 -1.790000e+01  2.043467e+00
     vertex  1.024500e+01 -1.790000e+01  2.000000e+00
   endloop
 endfacet
 facet normal -0.000000e+00 -1.000000e+00  0.000000e+00
   outer loop
     vertex  1.045500e+01 -1.790000e+01  2.045000e+00
     vertex  1.024500e+01 -1.790000e+01  2.045000e+00
     vertex  1.024500e+01 -1.790000e+01  2.000000e+00
   endloop
 endfacet
 facet normal  0.000000e+00 -1.000000e+00  0.000000e+00
   outer loop
     vertex  1.050000e+01 -1.790000e+01  2.000000e+00
     vertex  1.045500e+01 -1.790000e+01  2.045000e+00
     vertex  1.024500e+01 -1.790000e+01  2.000000e+00
   endloop
 endfacet
 facet normal  0.000000e+00 -1.000000e+00  0.000000e+00
   outer loop
     vertex  1.048682e+01 -1.790000e+01  2.031820e+00
     vertex  1.050000e+01 -1.790000e+01  2.000000e+00
     vertex  1.049847e+01 -1.790000e+01  2.011647e+00
   endloop
 endfacet
 facet normal  0.000000e+00 -1.000000e+00  0.000000e+00
   outer loop
     vertex  1.048682e+01 -1.790000e+01  2.031820e+00
     vertex  1.049847e+01 -1.790000e+01  2.011647e+00
     vertex  1.049397e+01 -1.790000e+01  2.022500e+00
   endloop
 endfacet
 facet normal  0.000000e+00 -1.000000e+00  0.000000e+00
   outer loop
     vertex  1.048682e+01 -1.790000e+01  2.031820e+00
     vertex  1.047750e+01 -1.790000e+01  2.038971e+00
     vertex  1.046665e+01 -1.790000e+01  2.043467e+00
   endloop
 endfacet
 facet normal  0.000000e+00 -1.000000e+00  0.000000e+00
   outer loop
     vertex  1.048682e+01 -1.790000e+01  2.031820e+00
     vertex  1.046665e+01 -1.790000e+01  2.043467e+00
     vertex  1.045500e+01 -1.790000e+01  2.045000e+00
   endloop
 endfacet
 facet normal -0.000000e+00 -1.000000e+00 -0.000000e+00
   outer loop
     vertex  1.048682e+01 -1.790000e+01  2.031820e+00
     vertex  1.045500e+01 -1.790000e+01  2.045000e+00
     vertex  1.050000e+01 -1.790000e+01  2.000000e+00
   endloop
 endfacet
 facet normal -1.305262e-01  0.000000e+00 -9.914449e-01
   outer loop
     vertex  1.023335e+01 -1.710000e+01  1.596533e+00
     vertex  1.024500e+01 -1.710000e+01  1.595000e+00
     vertex  1.024500e+01 -1.790000e+01  1.595000e+00
   endloop
 endfacet
 facet normal -1.305262e-01 -0.000000e+00 -9.914449e-01
   outer loop
     vertex  1.023335e+01 -1.710000e+01  1.596533e+00
     vertex  1.024500e+01 -1.790000e+01  1.595000e+00
     vertex  1.023335e+01 -1.790000e+01  1.596533e+00
   endloop
 endfacet
 facet normal -3.826834e-01 -0.000000e+00 -9.238795e-01
   outer loop
     vertex  1.022250e+01 -1.710000e+01  1.601029e+00
     vertex  1.023335e+01 -1.790000e+01  1.596533e+00
     vertex  1.022250e+01 -1.790000e+01  1.601029e+00
   endloop
 endfacet
 facet normal -3.826834e-01  0.000000e+00 -9.238795e-01
   outer loop
     vertex  1.022250e+01 -1.710000e+01  1.601029e+00
     vertex  1.023335e+01 -1.710000e+01  1.596533e+00
     vertex  1.023335e+01 -1.790000e+01  1.596533e+00
   endloop
 endfacet
 facet normal -6.087614e-01 -0.000000e+00 -7.933533e-01
   outer loop
     vertex  1.021318e+01 -1.710000e+01  1.608180e+00
     vertex  1.022250e+01 -1.790000e+01  1.601029e+00
     vertex  1.021318e+01 -1.790000e+01  1.608180e+00
   endloop
 endfacet
 facet normal -6.087614e-01  0.000000e+00 -7.933533e-01
   outer loop
     vertex  1.021318e+01 -1.710000e+01  1.608180e+00
     vertex  1.022250e+01 -1.710000e+01  1.601029e+00
     vertex  1.022250e+01 -1.790000e+01  1.601029e+00
   endloop
 endfacet
 facet normal -7.933533e-01 -0.000000e+00 -6.087614e-01
   outer loop
     vertex  1.020603e+01 -1.710000e+01  1.617500e+00
     vertex  1.021318e+01 -1.790000e+01  1.608180e+00
     vertex  1.020603e+01 -1.790000e+01  1.617500e+00
   endloop
 endfacet
 facet normal -7.933533e-01  0.000000e+00 -6.087614e-01
   outer loop
     vertex  1.020603e+01 -1.710000e+01  1.617500e+00
     vertex  1.021318e+01 -1.710000e+01  1.608180e+00
     vertex  1.021318e+01 -1.790000e+01  1.608180e+00
   endloop
 endfacet
 facet normal -9.238795e-01 -0.000000e+00 -3.826834e-01
   outer loop
     vertex  1.020153e+01 -1.710000e+01  1.628353e+00
     vertex  1.020603e+01 -1.790000e+01  1.617500e+00
     vertex  1.020153e+01 -1.790000e+01  1.628353e+00
   endloop
 endfacet
 facet normal -9.238795e-01  0.000000e+00 -3.826834e-01
   outer loop
     vertex  1.020153e+01 -1.710000e+01  1.628353e+00
     vertex  1.020603e+01 -1.710000e+01  1.617500e+00
     vertex  1.020603e+01 -1.790000e+01  1.617500e+00
   endloop
 endfacet
 facet normal -9.914449e-01 -0.000000e+00 -1.305262e-01
   outer loop
     vertex  1.020000e+01 -1.710000e+01  1.640000e+00
     vertex  1.020153e+01 -1.790000e+01  1.628353e+00
     vertex  1.020000e+01 -1.790000e+01  1.640000e+00
   endloop
 endfacet
 facet normal -9.914449e-01  0.000000e+00 -1.305262e-01
   outer loop
     vertex  1.020000e+01 -1.710000e+01  1.640000e+00
     vertex  1.020153e+01 -1.710000e+01  1.628353e+00
     vertex  1.020153e+01 -1.790000e+01  1.628353e+00
   endloop
 endfacet
 facet normal -9.914449e-01  0.000000e+00  1.305262e-01
   outer loop
     vertex  1.020153e+01 -1.710000e+01  2.011647e+00
     vertex  1.020000e+01 -1.790000e+01  2.000000e+00
     vertex  1.020153e+01 -1.790000e+01  2.011647e+00
   endloop
 endfacet
 facet normal -9.914449e-01  0.000000e+00  1.305262e-01
   outer loop
     vertex  1.020153e+01 -1.710000e+01  2.011647e+00
     vertex  1.020000e+01 -1.710000e+01  2.000000e+00
     vertex  1.020000e+01 -1.790000e+01  2.000000e+00
   endloop
 endfacet
 facet normal -9.238795e-01  0.000000e+00  3.826834e-01
   outer loop
     vertex  1.020603e+01 -1.710000e+01  2.022500e+00
     vertex  1.020153e+01 -1.790000e+01  2.011647e+00
     vertex  1.020603e+01 -1.790000e+01  2.022500e+00
   endloop
 endfacet
 facet normal -9.238795e-01  0.000000e+00  3.826834e-01
   outer loop
     vertex  1.020603e+01 -1.710000e+01  2.022500e+00
     vertex  1.020153e+01 -1.710000e+01  2.011647e+00
     vertex  1.020153e+01 -1.790000e+01  2.011647e+00
   endloop
 endfacet
 facet normal -7.933533e-01  0.000000e+00  6.087614e-01
   outer loop
     vertex  1.021318e+01 -1.710000e+01  2.031820e+00
     vertex  1.020603e+01 -1.790000e+01  2.022500e+00
     vertex  1.021318e+01 -1.790000e+01  2.031820e+00
   endloop
 endfacet
 facet normal -7.933533e-01  0.000000e+00  6.087614e-01
   outer loop
     vertex  1.021318e+01 -1.710000e+01  2.031820e+00
     vertex  1.020603e+01 -1.710000e+01  2.022500e+00
     vertex  1.020603e+01 -1.790000e+01  2.022500e+00
   endloop
 endfacet
 facet normal -6.087614e-01  0.000000e+00  7.933533e-01
   outer loop
     vertex  1.022250e+01 -1.710000e+01  2.038971e+00
     vertex  1.021318e+01 -1.790000e+01  2.031820e+00
     vertex  1.022250e+01 -1.790000e+01  2.038971e+00
   endloop
 endfacet
 facet normal -6.087614e-01  0.000000e+00  7.933533e-01
   outer loop
     vertex  1.022250e+01 -1.710000e+01  2.038971e+00
     vertex  1.021318e+01 -1.710000e+01  2.031820e+00
     vertex  1.021318e+01 -1.790000e+01  2.031820e+00
   endloop
 endfacet
 facet normal -3.826834e-01  0.000000e+00  9.238795e-01
   outer loop
     vertex  1.023335e+01 -1.710000e+01  2.043467e+00
     vertex  1.022250e+01 -1.790000e+01  2.038971e+00
     vertex  1.023335e+01 -1.790000e+01  2.043467e+00
   endloop
 endfacet
 facet normal -3.826834e-01  0.000000e+00  9.238795e-01
   outer loop
     vertex  1.023335e+01 -1.710000e+01  2.043467e+00
     vertex  1.022250e+01 -1.710000e+01  2.038971e+00
     vertex  1.022250e+01 -1.790000e+01  2.038971e+00
   endloop
 endfacet
 facet normal -1.305262e-01  0.000000e+00  9.914449e-01
   outer loop
     vertex  1.024500e+01 -1.710000e+01  2.045000e+00
     vertex  1.023335e+01 -1.790000e+01  2.043467e+00
     vertex  1.024500e+01 -1.790000e+01  2.045000e+00
   endloop
 endfacet
 facet normal -1.305262e-01  0.000000e+00  9.914449e-01
   outer loop
     vertex  1.024500e+01 -1.710000e+01  2.045000e+00
     vertex  1.023335e+01 -1.710000e+01  2.043467e+00
     vertex  1.023335e+01 -1.790000e+01  2.043467e+00
   endloop
 endfacet
 facet normal  0.000000e+00  1.000000e+00  0.000000e+00
   outer loop
     vertex  1.024500e+01 -1.710000e+01  1.640000e+00
     vertex  1.020153e+01 -1.710000e+01  1.628353e+00
     vertex  1.020000e+01 -1.710000e+01  1.640000e+00
   endloop
 endfacet
 facet normal  0.000000e+00  1.000000e+00  0.000000e+00
   outer loop
     vertex  1.024500e+01 -1.710000e+01  1.640000e+00
     vertex  1.020603e+01 -1.710000e+01  1.617500e+00
     vertex  1.020153e+01 -1.710000e+01  1.628353e+00
   endloop
 endfacet
 facet normal  0.000000e+00  1.000000e+00  0.000000e+00
   outer loop
     vertex  1.024500e+01 -1.710000e+01  1.640000e+00
     vertex  1.021318e+01 -1.710000e+01  1.608180e+00
     vertex  1.020603e+01 -1.710000e+01  1.617500e+00
   endloop
 endfacet
 facet normal  0.000000e+00  1.000000e+00  0.000000e+00
   outer loop
     vertex  1.024500e+01 -1.710000e+01  1.640000e+00
     vertex  1.022250e+01 -1.710000e+01  1.601029e+00
     vertex  1.021318e+01 -1.710000e+01  1.608180e+00
   endloop
 endfacet
 facet normal  0.000000e+00  1.000000e+00  0.000000e+00
   outer loop
     vertex  1.024500e+01 -1.710000e+01  1.640000e+00
     vertex  1.023335e+01 -1.710000e+01  1.596533e+00
     vertex  1.022250e+01 -1.710000e+01  1.601029e+00
   endloop
 endfacet
 facet normal  0.000000e+00  1.000000e+00  0.000000e+00
   outer loop
     vertex  1.024500e+01 -1.710000e+01  1.640000e+00
     vertex  1.024500e+01 -1.710000e+01  1.595000e+00
     vertex  1.023335e+01 -1.710000e+01  1.596533e+00
   endloop
 endfacet
 facet normal  0.000000e+00  1.000000e+00  0.000000e+00
   outer loop
     vertex  1.045500e+01 -1.710000e+01  1.595000e+00
     vertex  1.024500e+01 -1.710000e+01  1.595000e+00
     vertex  1.024500e+01 -1.710000e+01  1.640000e+00
   endloop
 endfacet
 facet normal  0.000000e+00  1.000000e+00  0.000000e+00
   outer loop
     vertex  1.050000e+01 -1.710000e+01  1.640000e+00
     vertex  1.049847e+01 -1.710000e+01  1.628353e+00
     vertex  1.049397e+01 -1.710000e+01  1.617500e+00
   endloop
 endfacet
 facet normal  0.000000e+00  1.000000e+00  0.000000e+00
   outer loop
     vertex  1.050000e+01 -1.710000e+01  1.640000e+00
     vertex  1.049397e+01 -1.710000e+01  1.617500e+00
     vertex  1.048682e+01 -1.710000e+01  1.608180e+00
   endloop
 endfacet
 facet normal  0.000000e+00  1.000000e+00  0.000000e+00
   outer loop
     vertex  1.050000e+01 -1.710000e+01  1.640000e+00
     vertex  1.048682e+01 -1.710000e+01  1.608180e+00
     vertex  1.047750e+01 -1.710000e+01  1.601029e+00
   endloop
 endfacet
 facet normal  0.000000e+00  1.000000e+00  0.000000e+00
   outer loop
     vertex  1.050000e+01 -1.710000e+01  1.640000e+00
     vertex  1.047750e+01 -1.710000e+01  1.601029e+00
     vertex  1.046665e+01 -1.710000e+01  1.596533e+00
   endloop
 endfacet
 facet normal  0.000000e+00  1.000000e+00  0.000000e+00
   outer loop
     vertex  1.050000e+01 -1.710000e+01  1.640000e+00
     vertex  1.046665e+01 -1.710000e+01  1.596533e+00
     vertex  1.045500e+01 -1.710000e+01  1.595000e+00
   endloop
 endfacet
 facet normal  0.000000e+00  1.000000e+00  0.000000e+00
   outer loop
     vertex  1.050000e+01 -1.710000e+01  1.640000e+00
     vertex  1.045500e+01 -1.710000e+01  1.595000e+00
     vertex  1.024500e+01 -1.710000e+01  1.640000e+00
   endloop
 endfacet
 facet normal  0.000000e+00  1.000000e+00  0.000000e+00
   outer loop
     vertex  1.024500e+01 -1.710000e+01  2.000000e+00
     vertex  1.020000e+01 -1.710000e+01  1.640000e+00
     vertex  1.020000e+01 -1.710000e+01  2.000000e+00
   endloop
 endfacet
 facet normal  0.000000e+00  1.000000e+00  0.000000e+00
   outer loop
     vertex  1.024500e+01 -1.710000e+01  2.000000e+00
     vertex  1.020000e+01 -1.710000e+01  2.000000e+00
     vertex  1.020153e+01 -1.710000e+01  2.011647e+00
   endloop
 endfacet
 facet normal  0.000000e+00  1.000000e+00  0.000000e+00
   outer loop
     vertex  1.024500e+01 -1.710000e+01  2.000000e+00
     vertex  1.020153e+01 -1.710000e+01  2.011647e+00
     vertex  1.020603e+01 -1.710000e+01  2.022500e+00
   endloop
 endfacet
 facet normal  0.000000e+00  1.000000e+00  0.000000e+00
   outer loop
     vertex  1.024500e+01 -1.710000e+01  2.000000e+00
     vertex  1.020603e+01 -1.710000e+01  2.022500e+00
     vertex  1.021318e+01 -1.710000e+01  2.031820e+00
   endloop
 endfacet
 facet normal  0.000000e+00  1.000000e+00  0.000000e+00
   outer loop
     vertex  1.024500e+01 -1.710000e+01  2.000000e+00
     vertex  1.024500e+01 -1.710000e+01  1.640000e+00
     vertex  1.020000e+01 -1.710000e+01  1.640000e+00
   endloop
 endfacet
 facet normal  0.000000e+00  1.000000e+00  0.000000e+00
   outer loop
     vertex  1.022250e+01 -1.710000e+01  2.038971e+00
     vertex  1.024500e+01 -1.710000e+01  2.000000e+00
     vertex  1.021318e+01 -1.710000e+01  2.031820e+00
   endloop
 endfacet
 facet normal  0.000000e+00  1.000000e+00  0.000000e+00
   outer loop
     vertex  1.023335e+01 -1.710000e+01  2.043467e+00
     vertex  1.024500e+01 -1.710000e+01  2.000000e+00
     vertex  1.022250e+01 -1.710000e+01  2.038971e+00
   endloop
 endfacet
 facet normal  0.000000e+00  1.000000e+00  0.000000e+00
   outer loop
     vertex  1.024500e+01 -1.710000e+01  2.045000e+00
     vertex  1.024500e+01 -1.710000e+01  2.000000e+00
     vertex  1.023335e+01 -1.710000e+01  2.043467e+00
   endloop
 endfacet
 facet normal  0.000000e+00  1.000000e+00  0.000000e+00
   outer loop
     vertex  1.045500e+01 -1.710000e+01  2.045000e+00
     vertex  1.024500e+01 -1.710000e+01  2.000000e+00
     vertex  1.024500e+01 -1.710000e+01  2.045000e+00
   endloop
 endfacet
 facet normal  0.000000e+00  1.000000e+00  0.000000e+00
   outer loop
     vertex  1.050000e+01 -1.710000e+01  2.000000e+00
     vertex  1.024500e+01 -1.710000e+01  2.000000e+00
     vertex  1.045500e+01 -1.710000e+01  2.045000e+00
   endloop
 endfacet
 facet normal  0.000000e+00  1.000000e+00  0.000000e+00
   outer loop
     vertex  1.048682e+01 -1.710000e+01  2.031820e+00
     vertex  1.049847e+01 -1.710000e+01  2.011647e+00
     vertex  1.050000e+01 -1.710000e+01  2.000000e+00
   endloop
 endfacet
 facet normal  0.000000e+00  1.000000e+00  0.000000e+00
   outer loop
     vertex  1.048682e+01 -1.710000e+01  2.031820e+00
     vertex  1.049397e+01 -1.710000e+01  2.022500e+00
     vertex  1.049847e+01 -1.710000e+01  2.011647e+00
   endloop
 endfacet
 facet normal  0.000000e+00  1.000000e+00  0.000000e+00
   outer loop
     vertex  1.048682e+01 -1.710000e+01  2.031820e+00
     vertex  1.046665e+01 -1.710000e+01  2.043467e+00
     vertex  1.047750e+01 -1.710000e+01  2.038971e+00
   endloop
 endfacet
 facet normal  0.000000e+00  1.000000e+00  0.000000e+00
   outer loop
     vertex  1.048682e+01 -1.710000e+01  2.031820e+00
     vertex  1.045500e+01 -1.710000e+01  2.045000e+00
     vertex  1.046665e+01 -1.710000e+01  2.043467e+00
   endloop
 endfacet
 facet normal  0.000000e+00  1.000000e+00  0.000000e+00
   outer loop
     vertex  1.048682e+01 -1.710000e+01  2.031820e+00
     vertex  1.050000e+01 -1.710000e+01  2.000000e+00
     vertex  1.045500e+01 -1.710000e+01  2.045000e+00
   endloop
 endfacet
 facet normal -0.000000e+00  0.000000e+00 -1.000000e+00
   outer loop
     vertex  1.045500e+01 -1.710000e+01  1.595000e+00
     vertex  1.024500e+01 -1.790000e+01  1.595000e+00
     vertex  1.024500e+01 -1.710000e+01  1.595000e+00
   endloop
 endfacet
 facet normal  0.000000e+00 -0.000000e+00 -1.000000e+00
   outer loop
     vertex  1.045500e+01 -1.710000e+01  1.595000e+00
     vertex  1.045500e+01 -1.790000e+01  1.595000e+00
     vertex  1.024500e+01 -1.790000e+01  1.595000e+00
   endloop
 endfacet
 facet normal  9.914449e-01  0.000000e+00 -1.305262e-01
   outer loop
     vertex  1.049847e+01 -1.710000e+01  1.628353e+00
     vertex  1.050000e+01 -1.790000e+01  1.640000e+00
     vertex  1.049847e+01 -1.790000e+01  1.628353e+00
   endloop
 endfacet
 facet normal  9.914449e-01  0.000000e+00 -1.305262e-01
   outer loop
     vertex  1.049847e+01 -1.710000e+01  1.628353e+00
     vertex  1.050000e+01 -1.710000e+01  1.640000e+00
     vertex  1.050000e+01 -1.790000e+01  1.640000e+00
   endloop
 endfacet
 facet normal  9.238795e-01  0.000000e+00 -3.826834e-01
   outer loop
     vertex  1.049397e+01 -1.710000e+01  1.617500e+00
     vertex  1.049847e+01 -1.790000e+01  1.628353e+00
     vertex  1.049397e+01 -1.790000e+01  1.617500e+00
   endloop
 endfacet
 facet normal  9.238795e-01  0.000000e+00 -3.826834e-01
   outer loop
     vertex  1.049397e+01 -1.710000e+01  1.617500e+00
     vertex  1.049847e+01 -1.710000e+01  1.628353e+00
     vertex  1.049847e+01 -1.790000e+01  1.628353e+00
   endloop
 endfacet
 facet normal  7.933533e-01  0.000000e+00 -6.087614e-01
   outer loop
     vertex  1.048682e+01 -1.710000e+01  1.608180e+00
     vertex  1.049397e+01 -1.790000e+01  1.617500e+00
     vertex  1.048682e+01 -1.790000e+01  1.608180e+00
   endloop
 endfacet
 facet normal  7.933533e-01  0.000000e+00 -6.087614e-01
   outer loop
     vertex  1.048682e+01 -1.710000e+01  1.608180e+00
     vertex  1.049397e+01 -1.710000e+01  1.617500e+00
     vertex  1.049397e+01 -1.790000e+01  1.617500e+00
   endloop
 endfacet
 facet normal  6.087614e-01  0.000000e+00 -7.933533e-01
   outer loop
     vertex  1.047750e+01 -1.710000e+01  1.601029e+00
     vertex  1.048682e+01 -1.790000e+01  1.608180e+00
     vertex  1.047750e+01 -1.790000e+01  1.601029e+00
   endloop
 endfacet
 facet normal  6.087614e-01  0.000000e+00 -7.933533e-01
   outer loop
     vertex  1.047750e+01 -1.710000e+01  1.601029e+00
     vertex  1.048682e+01 -1.710000e+01  1.608180e+00
     vertex  1.048682e+01 -1.790000e+01  1.608180e+00
   endloop
 endfacet
 facet normal  3.826834e-01  0.000000e+00 -9.238795e-01
   outer loop
     vertex  1.046665e+01 -1.710000e+01  1.596533e+00
     vertex  1.047750e+01 -1.790000e+01  1.601029e+00
     vertex  1.046665e+01 -1.790000e+01  1.596533e+00
   endloop
 endfacet
 facet normal  3.826834e-01  0.000000e+00 -9.238795e-01
   outer loop
     vertex  1.046665e+01 -1.710000e+01  1.596533e+00
     vertex  1.047750e+01 -1.710000e+01  1.601029e+00
     vertex  1.047750e+01 -1.790000e+01  1.601029e+00
   endloop
 endfacet
 facet normal  1.305262e-01  0.000000e+00 -9.914449e-01
   outer loop
     vertex  1.045500e+01 -1.710000e+01  1.595000e+00
     vertex  1.046665e+01 -1.790000e+01  1.596533e+00
     vertex  1.045500e+01 -1.790000e+01  1.595000e+00
   endloop
 endfacet
 facet normal  1.305262e-01  0.000000e+00 -9.914449e-01
   outer loop
     vertex  1.045500e+01 -1.710000e+01  1.595000e+00
     vertex  1.046665e+01 -1.710000e+01  1.596533e+00
     vertex  1.046665e+01 -1.790000e+01  1.596533e+00
   endloop
 endfacet
 facet normal  0.000000e+00 -1.000000e+00 -0.000000e+00
   outer loop
     vertex  1.050000e+01 -1.790000e+01  2.000000e+00
     vertex  1.024500e+01 -1.790000e+01  1.640000e+00
     vertex  1.050000e+01 -1.790000e+01  1.640000e+00
   endloop
 endfacet
 facet normal -0.000000e+00 -1.000000e+00  0.000000e+00
   outer loop
     vertex  1.050000e+01 -1.790000e+01  2.000000e+00
     vertex  1.024500e+01 -1.790000e+01  2.000000e+00
     vertex  1.024500e+01 -1.790000e+01  1.640000e+00
   endloop
 endfacet
 facet normal  0.000000e+00 -1.000000e+00 -0.000000e+00
   outer loop
     vertex  1.150000e+01 -1.790000e+01  2.000000e+00
     vertex  1.050000e+01 -1.790000e+01  1.640000e+00
     vertex  1.150000e+01 -1.790000e+01  1.640000e+00
   endloop
 endfacet
 facet normal -0.000000e+00 -1.000000e+00  0.000000e+00
   outer loop
     vertex  1.150000e+01 -1.790000e+01  2.000000e+00
     vertex  1.050000e+01 -1.790000e+01  2.000000e+00
     vertex  1.050000e+01 -1.790000e+01  1.640000e+00
   endloop
 endfacet
 facet normal  0.000000e+00 -1.000000e+00 -0.000000e+00
   outer loop
     vertex  1.175500e+01 -1.790000e+01  2.000000e+00
     vertex  1.150000e+01 -1.790000e+01  1.640000e+00
     vertex  1.175500e+01 -1.790000e+01  1.640000e+00
   endloop
 endfacet
 facet normal -0.000000e+00 -1.000000e+00  0.000000e+00
   outer loop
     vertex  1.175500e+01 -1.790000e+01  2.000000e+00
     vertex  1.150000e+01 -1.790000e+01  2.000000e+00
     vertex  1.150000e+01 -1.790000e+01  1.640000e+00
   endloop
 endfacet
 facet normal  0.000000e+00  0.000000e+00  1.000000e+00
   outer loop
     vertex  1.045500e+01 -1.710000e+01  2.045000e+00
     vertex  1.024500e+01 -1.710000e+01  2.045000e+00
     vertex  1.024500e+01 -1.790000e+01  2.045000e+00
   endloop
 endfacet
 facet normal  0.000000e+00  0.000000e+00  1.000000e+00
   outer loop
     vertex  1.045500e+01 -1.710000e+01  2.045000e+00
     vertex  1.024500e+01 -1.790000e+01  2.045000e+00
     vertex  1.045500e+01 -1.790000e+01  2.045000e+00
   endloop
 endfacet
 facet normal  1.305262e-01  0.000000e+00  9.914449e-01
   outer loop
     vertex  1.046665e+01 -1.710000e+01  2.043467e+00
     vertex  1.045500e+01 -1.710000e+01  2.045000e+00
     vertex  1.045500e+01 -1.790000e+01  2.045000e+00
   endloop
 endfacet
 facet normal  1.305262e-01  0.000000e+00  9.914449e-01
   outer loop
     vertex  1.046665e+01 -1.710000e+01  2.043467e+00
     vertex  1.045500e+01 -1.790000e+01  2.045000e+00
     vertex  1.046665e+01 -1.790000e+01  2.043467e+00
   endloop
 endfacet
 facet normal  3.826834e-01  0.000000e+00  9.238795e-01
   outer loop
     vertex  1.047750e+01 -1.710000e+01  2.038971e+00
     vertex  1.046665e+01 -1.790000e+01  2.043467e+00
     vertex  1.047750e+01 -1.790000e+01  2.038971e+00
   endloop
 endfacet
 facet normal  3.826834e-01  0.000000e+00  9.238795e-01
   outer loop
     vertex  1.047750e+01 -1.710000e+01  2.038971e+00
     vertex  1.046665e+01 -1.710000e+01  2.043467e+00
     vertex  1.046665e+01 -1.790000e+01  2.043467e+00
   endloop
 endfacet
 facet normal  6.087614e-01  0.000000e+00  7.933533e-01
   outer loop
     vertex  1.048682e+01 -1.710000e+01  2.031820e+00
     vertex  1.047750e+01 -1.790000e+01  2.038971e+00
     vertex  1.048682e+01 -1.790000e+01  2.031820e+00
   endloop
 endfacet
 facet normal  6.087614e-01  0.000000e+00  7.933533e-01
   outer loop
     vertex  1.048682e+01 -1.710000e+01  2.031820e+00
     vertex  1.047750e+01 -1.710000e+01  2.038971e+00
     vertex  1.047750e+01 -1.790000e+01  2.038971e+00
   endloop
 endfacet
 facet normal  7.933533e-01  0.000000e+00  6.087614e-01
   outer loop
     vertex  1.049397e+01 -1.710000e+01  2.022500e+00
     vertex  1.048682e+01 -1.790000e+01  2.031820e+00
     vertex  1.049397e+01 -1.790000e+01  2.022500e+00
   endloop
 endfacet
 facet normal  7.933533e-01  0.000000e+00  6.087614e-01
   outer loop
     vertex  1.049397e+01 -1.710000e+01  2.022500e+00
     vertex  1.048682e+01 -1.710000e+01  2.031820e+00
     vertex  1.048682e+01 -1.790000e+01  2.031820e+00
   endloop
 endfacet
 facet normal  9.238795e-01  0.000000e+00  3.826834e-01
   outer loop
     vertex  1.049847e+01 -1.710000e+01  2.011647e+00
     vertex  1.049397e+01 -1.790000e+01  2.022500e+00
     vertex  1.049847e+01 -1.790000e+01  2.011647e+00
   endloop
 endfacet
 facet normal  9.238795e-01  0.000000e+00  3.826834e-01
   outer loop
     vertex  1.049847e+01 -1.710000e+01  2.011647e+00
     vertex  1.049397e+01 -1.710000e+01  2.022500e+00
     vertex  1.049397e+01 -1.790000e+01  2.022500e+00
   endloop
 endfacet
 facet normal  9.914449e-01  0.000000e+00  1.305262e-01
   outer loop
     vertex  1.050000e+01 -1.710000e+01  2.000000e+00
     vertex  1.049847e+01 -1.790000e+01  2.011647e+00
     vertex  1.050000e+01 -1.790000e+01  2.000000e+00
   endloop
 endfacet
 facet normal  9.914449e-01  0.000000e+00  1.305262e-01
   outer loop
     vertex  1.050000e+01 -1.710000e+01  2.000000e+00
     vertex  1.049847e+01 -1.710000e+01  2.011647e+00
     vertex  1.049847e+01 -1.790000e+01  2.011647e+00
   endloop
 endfacet
 facet normal  0.000000e+00  1.000000e+00  0.000000e+00
   outer loop
     vertex  1.050000e+01 -1.710000e+01  2.000000e+00
     vertex  1.050000e+01 -1.710000e+01  1.640000e+00
     vertex  1.024500e+01 -1.710000e+01  1.640000e+00
   endloop
 endfacet
 facet normal  0.000000e+00  1.000000e+00  0.000000e+00
   outer loop
     vertex  1.050000e+01 -1.710000e+01  2.000000e+00
     vertex  1.024500e+01 -1.710000e+01  1.640000e+00
     vertex  1.024500e+01 -1.710000e+01  2.000000e+00
   endloop
 endfacet
 facet normal  0.000000e+00  1.000000e+00  0.000000e+00
   outer loop
     vertex  1.150000e+01 -1.710000e+01  2.000000e+00
     vertex  1.150000e+01 -1.710000e+01  1.640000e+00
     vertex  1.050000e+01 -1.710000e+01  1.640000e+00
   endloop
 endfacet
 facet normal  0.000000e+00  1.000000e+00  0.000000e+00
   outer loop
     vertex  1.150000e+01 -1.710000e+01  2.000000e+00
     vertex  1.050000e+01 -1.710000e+01  1.640000e+00
     vertex  1.050000e+01 -1.710000e+01  2.000000e+00
   endloop
 endfacet
 facet normal  0.000000e+00  1.000000e+00  0.000000e+00
   outer loop
     vertex  1.175500e+01 -1.710000e+01  2.000000e+00
     vertex  1.175500e+01 -1.710000e+01  1.640000e+00
     vertex  1.150000e+01 -1.710000e+01  1.640000e+00
   endloop
 endfacet
 facet normal  0.000000e+00  1.000000e+00  0.000000e+00
   outer loop
     vertex  1.175500e+01 -1.710000e+01  2.000000e+00
     vertex  1.150000e+01 -1.710000e+01  1.640000e+00
     vertex  1.150000e+01 -1.710000e+01  2.000000e+00
   endloop
 endfacet
 facet normal -0.000000e+00  0.000000e+00 -1.000000e+00
   outer loop
     vertex  1.150000e+01 -1.710000e+01  1.640000e+00
     vertex  1.050000e+01 -1.790000e+01  1.640000e+00
     vertex  1.050000e+01 -1.710000e+01  1.640000e+00
   endloop
 endfacet
 facet normal  0.000000e+00 -0.000000e+00 -1.000000e+00
   outer loop
     vertex  1.150000e+01 -1.710000e+01  1.640000e+00
     vertex  1.150000e+01 -1.790000e+01  1.640000e+00
     vertex  1.050000e+01 -1.790000e+01  1.640000e+00
   endloop
 endfacet
 facet normal  0.000000e+00 -1.000000e+00  0.000000e+00
   outer loop
     vertex  1.154500e+01 -1.790000e+01  1.595000e+00
     vertex  1.150000e+01 -1.790000e+01  1.640000e+00
     vertex  1.150153e+01 -1.790000e+01  1.628353e+00
   endloop
 endfacet
 facet normal  0.000000e+00 -1.000000e+00  0.000000e+00
   outer loop
     vertex  1.154500e+01 -1.790000e+01  1.595000e+00
     vertex  1.150153e+01 -1.790000e+01  1.628353e+00
     vertex  1.150603e+01 -1.790000e+01  1.617500e+00
   endloop
 endfacet
 facet normal  0.000000e+00 -1.000000e+00  0.000000e+00
   outer loop
     vertex  1.154500e+01 -1.790000e+01  1.595000e+00
     vertex  1.150603e+01 -1.790000e+01  1.617500e+00
     vertex  1.151318e+01 -1.790000e+01  1.608180e+00
   endloop
 endfacet
 facet normal  0.000000e+00 -1.000000e+00  0.000000e+00
   outer loop
     vertex  1.154500e+01 -1.790000e+01  1.595000e+00
     vertex  1.151318e+01 -1.790000e+01  1.608180e+00
     vertex  1.152250e+01 -1.790000e+01  1.601029e+00
   endloop
 endfacet
 facet normal  0.000000e+00 -1.000000e+00  0.000000e+00
   outer loop
     vertex  1.154500e+01 -1.790000e+01  1.595000e+00
     vertex  1.152250e+01 -1.790000e+01  1.601029e+00
     vertex  1.153335e+01 -1.790000e+01  1.596533e+00
   endloop
 endfacet
 facet normal  0.000000e+00 -1.000000e+00 -0.000000e+00
   outer loop
     vertex  1.175500e+01 -1.790000e+01  1.640000e+00
     vertex  1.154500e+01 -1.790000e+01  1.595000e+00
     vertex  1.175500e+01 -1.790000e+01  1.595000e+00
   endloop
 endfacet
 facet normal  0.000000e+00 -1.000000e+00  0.000000e+00
   outer loop
     vertex  1.175500e+01 -1.790000e+01  1.640000e+00
     vertex  1.176665e+01 -1.790000e+01  1.596533e+00
     vertex  1.177750e+01 -1.790000e+01  1.601029e+00
   endloop
 endfacet
 facet normal  0.000000e+00 -1.000000e+00  0.000000e+00
   outer loop
     vertex  1.175500e+01 -1.790000e+01  1.640000e+00
     vertex  1.175500e+01 -1.790000e+01  1.595000e+00
     vertex  1.176665e+01 -1.790000e+01  1.596533e+00
   endloop
 endfacet
 facet normal -0.000000e+00 -1.000000e+00  0.000000e+00
   outer loop
     vertex  1.175500e+01 -1.790000e+01  1.640000e+00
     vertex  1.150000e+01 -1.790000e+01  1.640000e+00
     vertex  1.154500e+01 -1.790000e+01  1.595000e+00
   endloop
 endfacet
 facet normal -0.000000e+00 -1.000000e+00  0.000000e+00
   outer loop
     vertex  1.178682e+01 -1.790000e+01  1.608180e+00
     vertex  1.175500e+01 -1.790000e+01  1.640000e+00
     vertex  1.177750e+01 -1.790000e+01  1.601029e+00
   endloop
 endfacet
 facet normal -0.000000e+00 -1.000000e+00  0.000000e+00
   outer loop
     vertex  1.179397e+01 -1.790000e+01  1.617500e+00
     vertex  1.175500e+01 -1.790000e+01  1.640000e+00
     vertex  1.178682e+01 -1.790000e+01  1.608180e+00
   endloop
 endfacet
 facet normal -0.000000e+00 -1.000000e+00  0.000000e+00
   outer loop
     vertex  1.179847e+01 -1.790000e+01  1.628353e+00
     vertex  1.175500e+01 -1.790000e+01  1.640000e+00
     vertex  1.179397e+01 -1.790000e+01  1.617500e+00
   endloop
 endfacet
 facet normal -0.000000e+00 -1.000000e+00  0.000000e+00
   outer loop
     vertex  1.180000e+01 -1.790000e+01  1.640000e+00
     vertex  1.175500e+01 -1.790000e+01  1.640000e+00
     vertex  1.179847e+01 -1.790000e+01  1.628353e+00
   endloop
 endfacet
 facet normal  0.000000e+00 -1.000000e+00  0.000000e+00
   outer loop
     vertex  1.152250e+01 -1.790000e+01  2.038971e+00
     vertex  1.150603e+01 -1.790000e+01  2.022500e+00
     vertex  1.150153e+01 -1.790000e+01  2.011647e+00
   endloop
 endfacet
 facet normal  0.000000e+00 -1.000000e+00  0.000000e+00
   outer loop
     vertex  1.152250e+01 -1.790000e+01  2.038971e+00
     vertex  1.151318e+01 -1.790000e+01  2.031820e+00
     vertex  1.150603e+01 -1.790000e+01  2.022500e+00
   endloop
 endfacet
 facet normal  0.000000e+00 -1.000000e+00  0.000000e+00
   outer loop
     vertex  1.154500e+01 -1.790000e+01  2.045000e+00
     vertex  1.150153e+01 -1.790000e+01  2.011647e+00
     vertex  1.150000e+01 -1.790000e+01  2.000000e+00
   endloop
 endfacet
 facet normal  0.000000e+00 -1.000000e+00  0.000000e+00
   outer loop
     vertex  1.154500e+01 -1.790000e+01  2.045000e+00
     vertex  1.153335e+01 -1.790000e+01  2.043467e+00
     vertex  1.152250e+01 -1.790000e+01  2.038971e+00
   endloop
 endfacet
 facet normal  0.000000e+00 -1.000000e+00  0.000000e+00
   outer loop
     vertex  1.154500e+01 -1.790000e+01  2.045000e+00
     vertex  1.152250e+01 -1.790000e+01  2.038971e+00
     vertex  1.150153e+01 -1.790000e+01  2.011647e+00
   endloop
 endfacet
 facet normal  0.000000e+00 -1.000000e+00  0.000000e+00
   outer loop
     vertex  1.175500e+01 -1.790000e+01  2.000000e+00
     vertex  1.154500e+01 -1.790000e+01  2.045000e+00
     vertex  1.150000e+01 -1.790000e+01  2.000000e+00
   endloop
 endfacet
 facet normal -0.000000e+00 -1.000000e+00 -0.000000e+00
   outer loop
     vertex  1.175500e+01 -1.790000e+01  2.045000e+00
     vertex  1.154500e+01 -1.790000e+01  2.045000e+00
     vertex  1.175500e+01 -1.790000e+01  2.000000e+00
   endloop
 endfacet
 facet normal -0.000000e+00 -1.000000e+00  0.000000e+00
   outer loop
     vertex  1.180000e+01 -1.790000e+01  2.000000e+00
     vertex  1.175500e+01 -1.790000e+01  2.000000e+00
     vertex  1.175500e+01 -1.790000e+01  1.640000e+00
   endloop
 endfacet
 facet normal  0.000000e+00 -1.000000e+00 -0.000000e+00
   outer loop
     vertex  1.180000e+01 -1.790000e+01  2.000000e+00
     vertex  1.175500e+01 -1.790000e+01  1.640000e+00
     vertex  1.180000e+01 -1.790000e+01  1.640000e+00
   endloop
 endfacet
 facet normal  0.000000e+00 -1.000000e+00 -0.000000e+00
   outer loop
     vertex  1.179847e+01 -1.790000e+01  2.011647e+00
     vertex  1.175500e+01 -1.790000e+01  2.000000e+00
     vertex  1.180000e+01 -1.790000e+01  2.000000e+00
   endloop
 endfacet
 facet normal -0.000000e+00 -1.000000e+00  0.000000e+00
   outer loop
     vertex  1.176665e+01 -1.790000e+01  2.043467e+00
     vertex  1.175500e+01 -1.790000e+01  2.045000e+00
     vertex  1.175500e+01 -1.790000e+01  2.000000e+00
   endloop
 endfacet
 facet normal  0.000000e+00 -1.000000e+00 -0.000000e+00
   outer loop
     vertex  1.179397e+01 -1.790000e+01  2.022500e+00
     vertex  1.175500e+01 -1.790000e+01  2.000000e+00
     vertex  1.179847e+01 -1.790000e+01  2.011647e+00
   endloop
 endfacet
 facet normal -0.000000e+00 -1.000000e+00  0.000000e+00
   outer loop
     vertex  1.177750e+01 -1.790000e+01  2.038971e+00
     vertex  1.176665e+01 -1.790000e+01  2.043467e+00
     vertex  1.175500e+01 -1.790000e+01  2.000000e+00
   endloop
 endfacet
 facet normal  0.000000e+00 -1.000000e+00 -0.000000e+00
   outer loop
     vertex  1.178682e+01 -1.790000e+01  2.031820e+00
     vertex  1.175500e+01 -1.790000e+01  2.000000e+00
     vertex  1.179397e+01 -1.790000e+01  2.022500e+00
   endloop
 endfacet
 facet normal -0.000000e+00 -1.000000e+00  0.000000e+00
   outer loop
     vertex  1.178682e+01 -1.790000e+01  2.031820e+00
     vertex  1.177750e+01 -1.790000e+01  2.038971e+00
     vertex  1.175500e+01 -1.790000e+01  2.000000e+00
   endloop
 endfacet
 facet normal  0.000000e+00 -1.000000e+00 -0.000000e+00
   outer loop
     vertex  1.150000e+01 -1.790000e+01  2.045000e+00
     vertex  1.050000e+01 -1.790000e+01  2.000000e+00
     vertex  1.150000e+01 -1.790000e+01  2.000000e+00
   endloop
 endfacet
 facet normal -0.000000e+00 -1.000000e+00  0.000000e+00
   outer loop
     vertex  1.150000e+01 -1.790000e+01  2.045000e+00
     vertex  1.050000e+01 -1.790000e+01  2.045000e+00
     vertex  1.050000e+01 -1.790000e+01  2.000000e+00
   endloop
 endfacet
 facet normal -1.000000e+00  0.000000e+00  0.000000e+00
   outer loop
     vertex  1.050000e+01 -1.790000e+01  2.045000e+00
     vertex  1.050000e+01 -1.710000e+01  2.000000e+00
     vertex  1.050000e+01 -1.790000e+01  2.000000e+00
   endloop
 endfacet
 facet normal -1.000000e+00  0.000000e+00  0.000000e+00
   outer loop
     vertex  1.050000e+01 -1.790000e+01  2.045000e+00
     vertex  1.050000e+01 -1.710000e+01  2.045000e+00
     vertex  1.050000e+01 -1.710000e+01  2.000000e+00
   endloop
 endfacet
 facet normal  0.000000e+00  1.000000e+00  0.000000e+00
   outer loop
     vertex  1.154500e+01 -1.710000e+01  1.595000e+00
     vertex  1.150153e+01 -1.710000e+01  1.628353e+00
     vertex  1.150000e+01 -1.710000e+01  1.640000e+00
   endloop
 endfacet
 facet normal  0.000000e+00  1.000000e+00  0.000000e+00
   outer loop
     vertex  1.154500e+01 -1.710000e+01  1.595000e+00
     vertex  1.150603e+01 -1.710000e+01  1.617500e+00
     vertex  1.150153e+01 -1.710000e+01  1.628353e+00
   endloop
 endfacet
 facet normal  0.000000e+00  1.000000e+00  0.000000e+00
   outer loop
     vertex  1.154500e+01 -1.710000e+01  1.595000e+00
     vertex  1.151318e+01 -1.710000e+01  1.608180e+00
     vertex  1.150603e+01 -1.710000e+01  1.617500e+00
   endloop
 endfacet
 facet normal  0.000000e+00  1.000000e+00  0.000000e+00
   outer loop
     vertex  1.154500e+01 -1.710000e+01  1.595000e+00
     vertex  1.152250e+01 -1.710000e+01  1.601029e+00
     vertex  1.151318e+01 -1.710000e+01  1.608180e+00
   endloop
 endfacet
 facet normal  0.000000e+00  1.000000e+00  0.000000e+00
   outer loop
     vertex  1.154500e+01 -1.710000e+01  1.595000e+00
     vertex  1.153335e+01 -1.710000e+01  1.596533e+00
     vertex  1.152250e+01 -1.710000e+01  1.601029e+00
   endloop
 endfacet
 facet normal  0.000000e+00  1.000000e+00  0.000000e+00
   outer loop
     vertex  1.175500e+01 -1.710000e+01  1.640000e+00
     vertex  1.175500e+01 -1.710000e+01  1.595000e+00
     vertex  1.154500e+01 -1.710000e+01  1.595000e+00
   endloop
 endfacet
 facet normal  0.000000e+00  1.000000e+00  0.000000e+00
   outer loop
     vertex  1.175500e+01 -1.710000e+01  1.640000e+00
     vertex  1.177750e+01 -1.710000e+01  1.601029e+00
     vertex  1.176665e+01 -1.710000e+01  1.596533e+00
   endloop
 endfacet
 facet normal  0.000000e+00  1.000000e+00  0.000000e+00
   outer loop
     vertex  1.175500e+01 -1.710000e+01  1.640000e+00
     vertex  1.176665e+01 -1.710000e+01  1.596533e+00
     vertex  1.175500e+01 -1.710000e+01  1.595000e+00
   endloop
 endfacet
 facet normal  0.000000e+00  1.000000e+00  0.000000e+00
   outer loop
     vertex  1.175500e+01 -1.710000e+01  1.640000e+00
     vertex  1.154500e+01 -1.710000e+01  1.595000e+00
     vertex  1.150000e+01 -1.710000e+01  1.640000e+00
   endloop
 endfacet
 facet normal  0.000000e+00  1.000000e+00  0.000000e+00
   outer loop
     vertex  1.178682e+01 -1.710000e+01  1.608180e+00
     vertex  1.177750e+01 -1.710000e+01  1.601029e+00
     vertex  1.175500e+01 -1.710000e+01  1.640000e+00
   endloop
 endfacet
 facet normal  0.000000e+00  1.000000e+00  0.000000e+00
   outer loop
     vertex  1.179397e+01 -1.710000e+01  1.617500e+00
     vertex  1.178682e+01 -1.710000e+01  1.608180e+00
     vertex  1.175500e+01 -1.710000e+01  1.640000e+00
   endloop
 endfacet
 facet normal  0.000000e+00  1.000000e+00  0.000000e+00
   outer loop
     vertex  1.179847e+01 -1.710000e+01  1.628353e+00
     vertex  1.179397e+01 -1.710000e+01  1.617500e+00
     vertex  1.175500e+01 -1.710000e+01  1.640000e+00
   endloop
 endfacet
 facet normal  0.000000e+00  1.000000e+00  0.000000e+00
   outer loop
     vertex  1.180000e+01 -1.710000e+01  1.640000e+00
     vertex  1.179847e+01 -1.710000e+01  1.628353e+00
     vertex  1.175500e+01 -1.710000e+01  1.640000e+00
   endloop
 endfacet
 facet normal  0.000000e+00  1.000000e+00  0.000000e+00
   outer loop
     vertex  1.152250e+01 -1.710000e+01  2.038971e+00
     vertex  1.150153e+01 -1.710000e+01  2.011647e+00
     vertex  1.150603e+01 -1.710000e+01  2.022500e+00
   endloop
 endfacet
 facet normal  0.000000e+00  1.000000e+00  0.000000e+00
   outer loop
     vertex  1.152250e+01 -1.710000e+01  2.038971e+00
     vertex  1.150603e+01 -1.710000e+01  2.022500e+00
     vertex  1.151318e+01 -1.710000e+01  2.031820e+00
   endloop
 endfacet
 facet normal  0.000000e+00  1.000000e+00  0.000000e+00
   outer loop
     vertex  1.154500e+01 -1.710000e+01  2.045000e+00
     vertex  1.150000e+01 -1.710000e+01  2.000000e+00
     vertex  1.150153e+01 -1.710000e+01  2.011647e+00
   endloop
 endfacet
 facet normal  0.000000e+00  1.000000e+00  0.000000e+00
   outer loop
     vertex  1.154500e+01 -1.710000e+01  2.045000e+00
     vertex  1.152250e+01 -1.710000e+01  2.038971e+00
     vertex  1.153335e+01 -1.710000e+01  2.043467e+00
   endloop
 endfacet
 facet normal  0.000000e+00  1.000000e+00  0.000000e+00
   outer loop
     vertex  1.154500e+01 -1.710000e+01  2.045000e+00
     vertex  1.150153e+01 -1.710000e+01  2.011647e+00
     vertex  1.152250e+01 -1.710000e+01  2.038971e+00
   endloop
 endfacet
 facet normal  0.000000e+00  1.000000e+00  0.000000e+00
   outer loop
     vertex  1.175500e+01 -1.710000e+01  2.000000e+00
     vertex  1.150000e+01 -1.710000e+01  2.000000e+00
     vertex  1.154500e+01 -1.710000e+01  2.045000e+00
   endloop
 endfacet
 facet normal  0.000000e+00  1.000000e+00  0.000000e+00
   outer loop
     vertex  1.175500e+01 -1.710000e+01  2.045000e+00
     vertex  1.175500e+01 -1.710000e+01  2.000000e+00
     vertex  1.154500e+01 -1.710000e+01  2.045000e+00
   endloop
 endfacet
 facet normal  0.000000e+00  1.000000e+00  0.000000e+00
   outer loop
     vertex  1.180000e+01 -1.710000e+01  2.000000e+00
     vertex  1.175500e+01 -1.710000e+01  1.640000e+00
     vertex  1.175500e+01 -1.710000e+01  2.000000e+00
   endloop
 endfacet
 facet normal  0.000000e+00  1.000000e+00  0.000000e+00
   outer loop
     vertex  1.180000e+01 -1.710000e+01  2.000000e+00
     vertex  1.180000e+01 -1.710000e+01  1.640000e+00
     vertex  1.175500e+01 -1.710000e+01  1.640000e+00
   endloop
 endfacet
 facet normal  0.000000e+00  1.000000e+00  0.000000e+00
   outer loop
     vertex  1.179847e+01 -1.710000e+01  2.011647e+00
     vertex  1.180000e+01 -1.710000e+01  2.000000e+00
     vertex  1.175500e+01 -1.710000e+01  2.000000e+00
   endloop
 endfacet
 facet normal  0.000000e+00  1.000000e+00  0.000000e+00
   outer loop
     vertex  1.176665e+01 -1.710000e+01  2.043467e+00
     vertex  1.175500e+01 -1.710000e+01  2.000000e+00
     vertex  1.175500e+01 -1.710000e+01  2.045000e+00
   endloop
 endfacet
 facet normal  0.000000e+00  1.000000e+00  0.000000e+00
   outer loop
     vertex  1.179397e+01 -1.710000e+01  2.022500e+00
     vertex  1.179847e+01 -1.710000e+01  2.011647e+00
     vertex  1.175500e+01 -1.710000e+01  2.000000e+00
   endloop
 endfacet
 facet normal  0.000000e+00  1.000000e+00  0.000000e+00
   outer loop
     vertex  1.177750e+01 -1.710000e+01  2.038971e+00
     vertex  1.175500e+01 -1.710000e+01  2.000000e+00
     vertex  1.176665e+01 -1.710000e+01  2.043467e+00
   endloop
 endfacet
 facet normal  0.000000e+00  1.000000e+00  0.000000e+00
   outer loop
     vertex  1.178682e+01 -1.710000e+01  2.031820e+00
     vertex  1.179397e+01 -1.710000e+01  2.022500e+00
     vertex  1.175500e+01 -1.710000e+01  2.000000e+00
   endloop
 endfacet
 facet normal  0.000000e+00  1.000000e+00  0.000000e+00
   outer loop
     vertex  1.178682e+01 -1.710000e+01  2.031820e+00
     vertex  1.175500e+01 -1.710000e+01  2.000000e+00
     vertex  1.177750e+01 -1.710000e+01  2.038971e+00
   endloop
 endfacet
 facet normal  0.000000e+00  1.000000e+00  0.000000e+00
   outer loop
     vertex  1.150000e+01 -1.710000e+01  2.045000e+00
     vertex  1.150000e+01 -1.710000e+01  2.000000e+00
     vertex  1.050000e+01 -1.710000e+01  2.000000e+00
   endloop
 endfacet
 facet normal  0.000000e+00  1.000000e+00  0.000000e+00
   outer loop
     vertex  1.150000e+01 -1.710000e+01  2.045000e+00
     vertex  1.050000e+01 -1.710000e+01  2.000000e+00
     vertex  1.050000e+01 -1.710000e+01  2.045000e+00
   endloop
 endfacet
 facet normal -1.305262e-01  0.000000e+00 -9.914449e-01
   outer loop
     vertex  1.153335e+01 -1.710000e+01  1.596533e+00
     vertex  1.154500e+01 -1.710000e+01  1.595000e+00
     vertex  1.154500e+01 -1.790000e+01  1.595000e+00
   endloop
 endfacet
 facet normal -1.305262e-01 -0.000000e+00 -9.914449e-01
   outer loop
     vertex  1.153335e+01 -1.710000e+01  1.596533e+00
     vertex  1.154500e+01 -1.790000e+01  1.595000e+00
     vertex  1.153335e+01 -1.790000e+01  1.596533e+00
   endloop
 endfacet
 facet normal -3.826834e-01 -0.000000e+00 -9.238795e-01
   outer loop
     vertex  1.152250e+01 -1.710000e+01  1.601029e+00
     vertex  1.153335e+01 -1.790000e+01  1.596533e+00
     vertex  1.152250e+01 -1.790000e+01  1.601029e+00
   endloop
 endfacet
 facet normal -3.826834e-01  0.000000e+00 -9.238795e-01
   outer loop
     vertex  1.152250e+01 -1.710000e+01  1.601029e+00
     vertex  1.153335e+01 -1.710000e+01  1.596533e+00
     vertex  1.153335e+01 -1.790000e+01  1.596533e+00
   endloop
 endfacet
 facet normal -6.087614e-01 -0.000000e+00 -7.933533e-01
   outer loop
     vertex  1.151318e+01 -1.710000e+01  1.608180e+00
     vertex  1.152250e+01 -1.790000e+01  1.601029e+00
     vertex  1.151318e+01 -1.790000e+01  1.608180e+00
   endloop
 endfacet
 facet normal -6.087614e-01  0.000000e+00 -7.933533e-01
   outer loop
     vertex  1.151318e+01 -1.710000e+01  1.608180e+00
     vertex  1.152250e+01 -1.710000e+01  1.601029e+00
     vertex  1.152250e+01 -1.790000e+01  1.601029e+00
   endloop
 endfacet
 facet normal -7.933533e-01 -0.000000e+00 -6.087614e-01
   outer loop
     vertex  1.150603e+01 -1.710000e+01  1.617500e+00
     vertex  1.151318e+01 -1.790000e+01  1.608180e+00
     vertex  1.150603e+01 -1.790000e+01  1.617500e+00
   endloop
 endfacet
 facet normal -7.933533e-01  0.000000e+00 -6.087614e-01
   outer loop
     vertex  1.150603e+01 -1.710000e+01  1.617500e+00
     vertex  1.151318e+01 -1.710000e+01  1.608180e+00
     vertex  1.151318e+01 -1.790000e+01  1.608180e+00
   endloop
 endfacet
 facet normal -9.238795e-01 -0.000000e+00 -3.826834e-01
   outer loop
     vertex  1.150153e+01 -1.710000e+01  1.628353e+00
     vertex  1.150603e+01 -1.790000e+01  1.617500e+00
     vertex  1.150153e+01 -1.790000e+01  1.628353e+00
   endloop
 endfacet
 facet normal -9.238795e-01  0.000000e+00 -3.826834e-01
   outer loop
     vertex  1.150153e+01 -1.710000e+01  1.628353e+00
     vertex  1.150603e+01 -1.710000e+01  1.617500e+00
     vertex  1.150603e+01 -1.790000e+01  1.617500e+00
   endloop
 endfacet
 facet normal -9.914449e-01 -0.000000e+00 -1.305262e-01
   outer loop
     vertex  1.150000e+01 -1.710000e+01  1.640000e+00
     vertex  1.150153e+01 -1.790000e+01  1.628353e+00
     vertex  1.150000e+01 -1.790000e+01  1.640000e+00
   endloop
 endfacet
 facet normal -9.914449e-01  0.000000e+00 -1.305262e-01
   outer loop
     vertex  1.150000e+01 -1.710000e+01  1.640000e+00
     vertex  1.150153e+01 -1.710000e+01  1.628353e+00
     vertex  1.150153e+01 -1.790000e+01  1.628353e+00
   endloop
 endfacet
 facet normal -0.000000e+00  0.000000e+00 -1.000000e+00
   outer loop
     vertex  1.175500e+01 -1.710000e+01  1.595000e+00
     vertex  1.154500e+01 -1.790000e+01  1.595000e+00
     vertex  1.154500e+01 -1.710000e+01  1.595000e+00
   endloop
 endfacet
 facet normal  0.000000e+00 -0.000000e+00 -1.000000e+00
   outer loop
     vertex  1.175500e+01 -1.710000e+01  1.595000e+00
     vertex  1.175500e+01 -1.790000e+01  1.595000e+00
     vertex  1.154500e+01 -1.790000e+01  1.595000e+00
   endloop
 endfacet
 facet normal  9.914449e-01  0.000000e+00 -1.305262e-01
   outer loop
     vertex  1.179847e+01 -1.710000e+01  1.628353e+00
     vertex  1.180000e+01 -1.790000e+01  1.640000e+00
     vertex  1.179847e+01 -1.790000e+01  1.628353e+00
   endloop
 endfacet
 facet normal  9.914449e-01  0.000000e+00 -1.305262e-01
   outer loop
     vertex  1.179847e+01 -1.710000e+01  1.628353e+00
     vertex  1.180000e+01 -1.710000e+01  1.640000e+00
     vertex  1.180000e+01 -1.790000e+01  1.640000e+00
   endloop
 endfacet
 facet normal  9.238795e-01  0.000000e+00 -3.826834e-01
   outer loop
     vertex  1.179397e+01 -1.710000e+01  1.617500e+00
     vertex  1.179847e+01 -1.790000e+01  1.628353e+00
     vertex  1.179397e+01 -1.790000e+01  1.617500e+00
   endloop
 endfacet
 facet normal  9.238795e-01  0.000000e+00 -3.826834e-01
   outer loop
     vertex  1.179397e+01 -1.710000e+01  1.617500e+00
     vertex  1.179847e+01 -1.710000e+01  1.628353e+00
     vertex  1.179847e+01 -1.790000e+01  1.628353e+00
   endloop
 endfacet
 facet normal  7.933533e-01  0.000000e+00 -6.087614e-01
   outer loop
     vertex  1.178682e+01 -1.710000e+01  1.608180e+00
     vertex  1.179397e+01 -1.790000e+01  1.617500e+00
     vertex  1.178682e+01 -1.790000e+01  1.608180e+00
   endloop
 endfacet
 facet normal  7.933533e-01  0.000000e+00 -6.087614e-01
   outer loop
     vertex  1.178682e+01 -1.710000e+01  1.608180e+00
     vertex  1.179397e+01 -1.710000e+01  1.617500e+00
     vertex  1.179397e+01 -1.790000e+01  1.617500e+00
   endloop
 endfacet
 facet normal  6.087614e-01  0.000000e+00 -7.933533e-01
   outer loop
     vertex  1.177750e+01 -1.710000e+01  1.601029e+00
     vertex  1.178682e+01 -1.790000e+01  1.608180e+00
     vertex  1.177750e+01 -1.790000e+01  1.601029e+00
   endloop
 endfacet
 facet normal  6.087614e-01  0.000000e+00 -7.933533e-01
   outer loop
     vertex  1.177750e+01 -1.710000e+01  1.601029e+00
     vertex  1.178682e+01 -1.710000e+01  1.608180e+00
     vertex  1.178682e+01 -1.790000e+01  1.608180e+00
   endloop
 endfacet
 facet normal  3.826834e-01  0.000000e+00 -9.238795e-01
   outer loop
     vertex  1.176665e+01 -1.710000e+01  1.596533e+00
     vertex  1.177750e+01 -1.790000e+01  1.601029e+00
     vertex  1.176665e+01 -1.790000e+01  1.596533e+00
   endloop
 endfacet
 facet normal  3.826834e-01  0.000000e+00 -9.238795e-01
   outer loop
     vertex  1.176665e+01 -1.710000e+01  1.596533e+00
     vertex  1.177750e+01 -1.710000e+01  1.601029e+00
     vertex  1.177750e+01 -1.790000e+01  1.601029e+00
   endloop
 endfacet
 facet normal  1.305262e-01  0.000000e+00 -9.914449e-01
   outer loop
     vertex  1.175500e+01 -1.710000e+01  1.595000e+00
     vertex  1.176665e+01 -1.790000e+01  1.596533e+00
     vertex  1.175500e+01 -1.790000e+01  1.595000e+00
   endloop
 endfacet
 facet normal  1.305262e-01  0.000000e+00 -9.914449e-01
   outer loop
     vertex  1.175500e+01 -1.710000e+01  1.595000e+00
     vertex  1.176665e+01 -1.710000e+01  1.596533e+00
     vertex  1.176665e+01 -1.790000e+01  1.596533e+00
   endloop
 endfacet
 facet normal  1.000000e+00  0.000000e+00  0.000000e+00
   outer loop
     vertex  1.180000e+01 -1.790000e+01  2.000000e+00
     vertex  1.180000e+01 -1.790000e+01  1.640000e+00
     vertex  1.180000e+01 -1.710000e+01  1.640000e+00
   endloop
 endfacet
 facet normal  1.000000e+00 -0.000000e+00  0.000000e+00
   outer loop
     vertex  1.180000e+01 -1.790000e+01  2.000000e+00
     vertex  1.180000e+01 -1.710000e+01  1.640000e+00
     vertex  1.180000e+01 -1.710000e+01  2.000000e+00
   endloop
 endfacet
 facet normal  1.305262e-01  0.000000e+00  9.914449e-01
   outer loop
     vertex  1.176665e+01 -1.710000e+01  2.043467e+00
     vertex  1.175500e+01 -1.710000e+01  2.045000e+00
     vertex  1.175500e+01 -1.790000e+01  2.045000e+00
   endloop
 endfacet
 facet normal  1.305262e-01  0.000000e+00  9.914449e-01
   outer loop
     vertex  1.176665e+01 -1.710000e+01  2.043467e+00
     vertex  1.175500e+01 -1.790000e+01  2.045000e+00
     vertex  1.176665e+01 -1.790000e+01  2.043467e+00
   endloop
 endfacet
 facet normal  3.826834e-01  0.000000e+00  9.238795e-01
   outer loop
     vertex  1.177750e+01 -1.710000e+01  2.038971e+00
     vertex  1.176665e+01 -1.790000e+01  2.043467e+00
     vertex  1.177750e+01 -1.790000e+01  2.038971e+00
   endloop
 endfacet
 facet normal  3.826834e-01  0.000000e+00  9.238795e-01
   outer loop
     vertex  1.177750e+01 -1.710000e+01  2.038971e+00
     vertex  1.176665e+01 -1.710000e+01  2.043467e+00
     vertex  1.176665e+01 -1.790000e+01  2.043467e+00
   endloop
 endfacet
 facet normal  6.087614e-01  0.000000e+00  7.933533e-01
   outer loop
     vertex  1.178682e+01 -1.710000e+01  2.031820e+00
     vertex  1.177750e+01 -1.790000e+01  2.038971e+00
     vertex  1.178682e+01 -1.790000e+01  2.031820e+00
   endloop
 endfacet
 facet normal  6.087614e-01  0.000000e+00  7.933533e-01
   outer loop
     vertex  1.178682e+01 -1.710000e+01  2.031820e+00
     vertex  1.177750e+01 -1.710000e+01  2.038971e+00
     vertex  1.177750e+01 -1.790000e+01  2.038971e+00
   endloop
 endfacet
 facet normal  7.933533e-01  0.000000e+00  6.087614e-01
   outer loop
     vertex  1.179397e+01 -1.710000e+01  2.022500e+00
     vertex  1.178682e+01 -1.790000e+01  2.031820e+00
     vertex  1.179397e+01 -1.790000e+01  2.022500e+00
   endloop
 endfacet
 facet normal  7.933533e-01  0.000000e+00  6.087614e-01
   outer loop
     vertex  1.179397e+01 -1.710000e+01  2.022500e+00
     vertex  1.178682e+01 -1.710000e+01  2.031820e+00
     vertex  1.178682e+01 -1.790000e+01  2.031820e+00
   endloop
 endfacet
 facet normal  9.238795e-01  0.000000e+00  3.826834e-01
   outer loop
     vertex  1.179847e+01 -1.710000e+01  2.011647e+00
     vertex  1.179397e+01 -1.790000e+01  2.022500e+00
     vertex  1.179847e+01 -1.790000e+01  2.011647e+00
   endloop
 endfacet
 facet normal  9.238795e-01  0.000000e+00  3.826834e-01
   outer loop
     vertex  1.179847e+01 -1.710000e+01  2.011647e+00
     vertex  1.179397e+01 -1.710000e+01  2.022500e+00
     vertex  1.179397e+01 -1.790000e+01  2.022500e+00
   endloop
 endfacet
 facet normal  9.914449e-01  0.000000e+00  1.305262e-01
   outer loop
     vertex  1.180000e+01 -1.710000e+01  2.000000e+00
     vertex  1.179847e+01 -1.790000e+01  2.011647e+00
     vertex  1.180000e+01 -1.790000e+01  2.000000e+00
   endloop
 endfacet
 facet normal  9.914449e-01  0.000000e+00  1.305262e-01
   outer loop
     vertex  1.180000e+01 -1.710000e+01  2.000000e+00
     vertex  1.179847e+01 -1.710000e+01  2.011647e+00
     vertex  1.179847e+01 -1.790000e+01  2.011647e+00
   endloop
 endfacet
 facet normal  0.000000e+00  0.000000e+00  1.000000e+00
   outer loop
     vertex  1.175500e+01 -1.710000e+01  2.045000e+00
     vertex  1.154500e+01 -1.710000e+01  2.045000e+00
     vertex  1.154500e+01 -1.790000e+01  2.045000e+00
   endloop
 endfacet
 facet normal  0.000000e+00  0.000000e+00  1.000000e+00
   outer loop
     vertex  1.175500e+01 -1.710000e+01  2.045000e+00
     vertex  1.154500e+01 -1.790000e+01  2.045000e+00
     vertex  1.175500e+01 -1.790000e+01  2.045000e+00
   endloop
 endfacet
 facet normal -9.914449e-01  0.000000e+00  1.305262e-01
   outer loop
     vertex  1.150153e+01 -1.710000e+01  2.011647e+00
     vertex  1.150000e+01 -1.790000e+01  2.000000e+00
     vertex  1.150153e+01 -1.790000e+01  2.011647e+00
   endloop
 endfacet
 facet normal -9.914449e-01  0.000000e+00  1.305262e-01
   outer loop
     vertex  1.150153e+01 -1.710000e+01  2.011647e+00
     vertex  1.150000e+01 -1.710000e+01  2.000000e+00
     vertex  1.150000e+01 -1.790000e+01  2.000000e+00
   endloop
 endfacet
 facet normal -9.238795e-01  0.000000e+00  3.826834e-01
   outer loop
     vertex  1.150603e+01 -1.710000e+01  2.022500e+00
     vertex  1.150153e+01 -1.790000e+01  2.011647e+00
     vertex  1.150603e+01 -1.790000e+01  2.022500e+00
   endloop
 endfacet
 facet normal -9.238795e-01  0.000000e+00  3.826834e-01
   outer loop
     vertex  1.150603e+01 -1.710000e+01  2.022500e+00
     vertex  1.150153e+01 -1.710000e+01  2.011647e+00
     vertex  1.150153e+01 -1.790000e+01  2.011647e+00
   endloop
 endfacet
 facet normal -7.933533e-01  0.000000e+00  6.087614e-01
   outer loop
     vertex  1.151318e+01 -1.710000e+01  2.031820e+00
     vertex  1.150603e+01 -1.790000e+01  2.022500e+00
     vertex  1.151318e+01 -1.790000e+01  2.031820e+00
   endloop
 endfacet
 facet normal -7.933533e-01  0.000000e+00  6.087614e-01
   outer loop
     vertex  1.151318e+01 -1.710000e+01  2.031820e+00
     vertex  1.150603e+01 -1.710000e+01  2.022500e+00
     vertex  1.150603e+01 -1.790000e+01  2.022500e+00
   endloop
 endfacet
 facet normal -6.087614e-01  0.000000e+00  7.933533e-01
   outer loop
     vertex  1.152250e+01 -1.710000e+01  2.038971e+00
     vertex  1.151318e+01 -1.790000e+01  2.031820e+00
     vertex  1.152250e+01 -1.790000e+01  2.038971e+00
   endloop
 endfacet
 facet normal -6.087614e-01  0.000000e+00  7.933533e-01
   outer loop
     vertex  1.152250e+01 -1.710000e+01  2.038971e+00
     vertex  1.151318e+01 -1.710000e+01  2.031820e+00
     vertex  1.151318e+01 -1.790000e+01  2.031820e+00
   endloop
 endfacet
 facet normal -3.826834e-01  0.000000e+00  9.238795e-01
   outer loop
     vertex  1.153335e+01 -1.710000e+01  2.043467e+00
     vertex  1.152250e+01 -1.790000e+01  2.038971e+00
     vertex  1.153335e+01 -1.790000e+01  2.043467e+00
   endloop
 endfacet
 facet normal -3.826834e-01  0.000000e+00  9.238795e-01
   outer loop
     vertex  1.153335e+01 -1.710000e+01  2.043467e+00
     vertex  1.152250e+01 -1.710000e+01  2.038971e+00
     vertex  1.152250e+01 -1.790000e+01  2.038971e+00
   endloop
 endfacet
 facet normal -1.305262e-01  0.000000e+00  9.914449e-01
   outer loop
     vertex  1.154500e+01 -1.710000e+01  2.045000e+00
     vertex  1.153335e+01 -1.790000e+01  2.043467e+00
     vertex  1.154500e+01 -1.790000e+01  2.045000e+00
   endloop
 endfacet
 facet normal -1.305262e-01  0.000000e+00  9.914449e-01
   outer loop
     vertex  1.154500e+01 -1.710000e+01  2.045000e+00
     vertex  1.153335e+01 -1.710000e+01  2.043467e+00
     vertex  1.153335e+01 -1.790000e+01  2.043467e+00
   endloop
 endfacet
 facet normal  1.000000e+00  0.000000e+00  0.000000e+00
   outer loop
     vertex  1.150000e+01 -1.790000e+01  2.045000e+00
     vertex  1.150000e+01 -1.790000e+01  2.000000e+00
     vertex  1.150000e+01 -1.710000e+01  2.000000e+00
   endloop
 endfacet
 facet normal  1.000000e+00 -0.000000e+00  0.000000e+00
   outer loop
     vertex  1.150000e+01 -1.790000e+01  2.045000e+00
     vertex  1.150000e+01 -1.710000e+01  2.000000e+00
     vertex  1.150000e+01 -1.710000e+01  2.045000e+00
   endloop
 endfacet
 facet normal  0.000000e+00  0.000000e+00  1.000000e+00
   outer loop
     vertex  1.150000e+01 -1.710000e+01  2.045000e+00
     vertex  1.050000e+01 -1.710000e+01  2.045000e+00
     vertex  1.050000e+01 -1.790000e+01  2.045000e+00
   endloop
 endfacet
 facet normal  0.000000e+00  0.000000e+00  1.000000e+00
   outer loop
     vertex  1.150000e+01 -1.710000e+01  2.045000e+00
     vertex  1.050000e+01 -1.790000e+01  2.045000e+00
     vertex  1.150000e+01 -1.790000e+01  2.045000e+00
   endloop
 endfacet
 facet normal -1.000000e+00  0.000000e+00  0.000000e+00
   outer loop
     vertex  4.200000e+00 -1.790000e+01  2.000000e+00
     vertex  4.200000e+00 -1.710000e+01  1.640000e+00
     vertex  4.200000e+00 -1.790000e+01  1.640000e+00
   endloop
 endfacet
 facet normal -1.000000e+00  0.000000e+00  0.000000e+00
   outer loop
     vertex  4.200000e+00 -1.790000e+01  2.000000e+00
     vertex  4.200000e+00 -1.710000e+01  2.000000e+00
     vertex  4.200000e+00 -1.710000e+01  1.640000e+00
   endloop
 endfacet
 facet normal -0.000000e+00 -1.000000e+00  0.000000e+00
   outer loop
     vertex  4.245000e+00 -1.790000e+01  1.640000e+00
     vertex  4.200000e+00 -1.790000e+01  1.640000e+00
     vertex  4.201533e+00 -1.790000e+01  1.628353e+00
   endloop
 endfacet
 facet normal  0.000000e+00 -1.000000e+00  0.000000e+00
   outer loop
     vertex  4.245000e+00 -1.790000e+01  1.640000e+00
     vertex  4.201533e+00 -1.790000e+01  1.628353e+00
     vertex  4.206029e+00 -1.790000e+01  1.617500e+00
   endloop
 endfacet
 facet normal  0.000000e+00 -1.000000e+00  0.000000e+00
   outer loop
     vertex  4.245000e+00 -1.790000e+01  1.640000e+00
     vertex  4.206029e+00 -1.790000e+01  1.617500e+00
     vertex  4.213180e+00 -1.790000e+01  1.608180e+00
   endloop
 endfacet
 facet normal  0.000000e+00 -1.000000e+00  0.000000e+00
   outer loop
     vertex  4.245000e+00 -1.790000e+01  1.640000e+00
     vertex  4.213180e+00 -1.790000e+01  1.608180e+00
     vertex  4.222500e+00 -1.790000e+01  1.601029e+00
   endloop
 endfacet
 facet normal  0.000000e+00 -1.000000e+00  0.000000e+00
   outer loop
     vertex  4.245000e+00 -1.790000e+01  1.640000e+00
     vertex  4.222500e+00 -1.790000e+01  1.601029e+00
     vertex  4.233353e+00 -1.790000e+01  1.596533e+00
   endloop
 endfacet
 facet normal  0.000000e+00 -1.000000e+00 -0.000000e+00
   outer loop
     vertex  4.245000e+00 -1.790000e+01  1.640000e+00
     vertex  4.233353e+00 -1.790000e+01  1.596533e+00
     vertex  4.245000e+00 -1.790000e+01  1.595000e+00
   endloop
 endfacet
 facet normal  0.000000e+00 -1.000000e+00  0.000000e+00
   outer loop
     vertex  4.455000e+00 -1.790000e+01  1.595000e+00
     vertex  4.245000e+00 -1.790000e+01  1.640000e+00
     vertex  4.245000e+00 -1.790000e+01  1.595000e+00
   endloop
 endfacet
 facet normal  0.000000e+00 -1.000000e+00  0.000000e+00
   outer loop
     vertex  4.500000e+00 -1.790000e+01  1.640000e+00
     vertex  4.493971e+00 -1.790000e+01  1.617500e+00
     vertex  4.498467e+00 -1.790000e+01  1.628353e+00
   endloop
 endfacet
 facet normal  0.000000e+00 -1.000000e+00  0.000000e+00
   outer loop
     vertex  4.500000e+00 -1.790000e+01  1.640000e+00
     vertex  4.486820e+00 -1.790000e+01  1.608180e+00
     vertex  4.493971e+00 -1.790000e+01  1.617500e+00
   endloop
 endfacet
 facet normal  0.000000e+00 -1.000000e+00  0.000000e+00
   outer loop
     vertex  4.500000e+00 -1.790000e+01  1.640000e+00
     vertex  4.477500e+00 -1.790000e+01  1.601029e+00
     vertex  4.486820e+00 -1.790000e+01  1.608180e+00
   endloop
 endfacet
 facet normal  0.000000e+00 -1.000000e+00  0.000000e+00
   outer loop
     vertex  4.500000e+00 -1.790000e+01  1.640000e+00
     vertex  4.466647e+00 -1.790000e+01  1.596533e+00
     vertex  4.477500e+00 -1.790000e+01  1.601029e+00
   endloop
 endfacet
 facet normal  0.000000e+00 -1.000000e+00  0.000000e+00
   outer loop
     vertex  4.500000e+00 -1.790000e+01  1.640000e+00
     vertex  4.455000e+00 -1.790000e+01  1.595000e+00
     vertex  4.466647e+00 -1.790000e+01  1.596533e+00
   endloop
 endfacet
 facet normal -0.000000e+00 -1.000000e+00  0.000000e+00
   outer loop
     vertex  4.500000e+00 -1.790000e+01  1.640000e+00
     vertex  4.245000e+00 -1.790000e+01  1.640000e+00
     vertex  4.455000e+00 -1.790000e+01  1.595000e+00
   endloop
 endfacet
 facet normal -0.000000e+00 -1.000000e+00  0.000000e+00
   outer loop
     vertex  4.245000e+00 -1.790000e+01  2.000000e+00
     vertex  4.200000e+00 -1.790000e+01  2.000000e+00
     vertex  4.200000e+00 -1.790000e+01  1.640000e+00
   endloop
 endfacet
 facet normal  0.000000e+00 -1.000000e+00  0.000000e+00
   outer loop
     vertex  4.245000e+00 -1.790000e+01  2.000000e+00
     vertex  4.201533e+00 -1.790000e+01  2.011647e+00
     vertex  4.200000e+00 -1.790000e+01  2.000000e+00
   endloop
 endfacet
 facet normal  0.000000e+00 -1.000000e+00  0.000000e+00
   outer loop
     vertex  4.245000e+00 -1.790000e+01  2.000000e+00
     vertex  4.206029e+00 -1.790000e+01  2.022500e+00
     vertex  4.201533e+00 -1.790000e+01  2.011647e+00
   endloop
 endfacet
 facet normal  0.000000e+00 -1.000000e+00  0.000000e+00
   outer loop
     vertex  4.245000e+00 -1.790000e+01  2.000000e+00
     vertex  4.213180e+00 -1.790000e+01  2.031820e+00
     vertex  4.206029e+00 -1.790000e+01  2.022500e+00
   endloop
 endfacet
 facet normal  0.000000e+00 -1.000000e+00 -0.000000e+00
   outer loop
     vertex  4.245000e+00 -1.790000e+01  2.000000e+00
     vertex  4.200000e+00 -1.790000e+01  1.640000e+00
     vertex  4.245000e+00 -1.790000e+01  1.640000e+00
   endloop
 endfacet
 facet normal  0.000000e+00 -1.000000e+00 -0.000000e+00
   outer loop
     vertex  4.222500e+00 -1.790000e+01  2.038971e+00
     vertex  4.213180e+00 -1.790000e+01  2.031820e+00
     vertex  4.245000e+00 -1.790000e+01  2.000000e+00
   endloop
 endfacet
 facet normal  0.000000e+00 -1.000000e+00 -0.000000e+00
   outer loop
     vertex  4.233353e+00 -1.790000e+01  2.043467e+00
     vertex  4.222500e+00 -1.790000e+01  2.038971e+00
     vertex  4.245000e+00 -1.790000e+01  2.000000e+00
   endloop
 endfacet
 facet normal  0.000000e+00 -1.000000e+00 -0.000000e+00
   outer loop
     vertex  4.245000e+00 -1.790000e+01  2.045000e+00
     vertex  4.233353e+00 -1.790000e+01  2.043467e+00
     vertex  4.245000e+00 -1.790000e+01  2.000000e+00
   endloop
 endfacet
 facet normal -0.000000e+00 -1.000000e+00  0.000000e+00
   outer loop
     vertex  4.455000e+00 -1.790000e+01  2.045000e+00
     vertex  4.245000e+00 -1.790000e+01  2.045000e+00
     vertex  4.245000e+00 -1.790000e+01  2.000000e+00
   endloop
 endfacet
 facet normal  0.000000e+00 -1.000000e+00  0.000000e+00
   outer loop
     vertex  4.500000e+00 -1.790000e+01  2.000000e+00
     vertex  4.455000e+00 -1.790000e+01  2.045000e+00
     vertex  4.245000e+00 -1.790000e+01  2.000000e+00
   endloop
 endfacet
 facet normal  0.000000e+00 -1.000000e+00  0.000000e+00
   outer loop
     vertex  4.486820e+00 -1.790000e+01  2.031820e+00
     vertex  4.500000e+00 -1.790000e+01  2.000000e+00
     vertex  4.498467e+00 -1.790000e+01  2.011647e+00
   endloop
 endfacet
 facet normal  0.000000e+00 -1.000000e+00  0.000000e+00
   outer loop
     vertex  4.486820e+00 -1.790000e+01  2.031820e+00
     vertex  4.498467e+00 -1.790000e+01  2.011647e+00
     vertex  4.493971e+00 -1.790000e+01  2.022500e+00
   endloop
 endfacet
 facet normal  0.000000e+00 -1.000000e+00  0.000000e+00
   outer loop
     vertex  4.486820e+00 -1.790000e+01  2.031820e+00
     vertex  4.477500e+00 -1.790000e+01  2.038971e+00
     vertex  4.466647e+00 -1.790000e+01  2.043467e+00
   endloop
 endfacet
 facet normal  0.000000e+00 -1.000000e+00  0.000000e+00
   outer loop
     vertex  4.486820e+00 -1.790000e+01  2.031820e+00
     vertex  4.466647e+00 -1.790000e+01  2.043467e+00
     vertex  4.455000e+00 -1.790000e+01  2.045000e+00
   endloop
 endfacet
 facet normal -0.000000e+00 -1.000000e+00 -0.000000e+00
   outer loop
     vertex  4.486820e+00 -1.790000e+01  2.031820e+00
     vertex  4.455000e+00 -1.790000e+01  2.045000e+00
     vertex  4.500000e+00 -1.790000e+01  2.000000e+00
   endloop
 endfacet
 facet normal -1.305262e-01  0.000000e+00 -9.914449e-01
   outer loop
     vertex  4.233353e+00 -1.710000e+01  1.596533e+00
     vertex  4.245000e+00 -1.710000e+01  1.595000e+00
     vertex  4.245000e+00 -1.790000e+01  1.595000e+00
   endloop
 endfacet
 facet normal -1.305262e-01 -0.000000e+00 -9.914449e-01
   outer loop
     vertex  4.233353e+00 -1.710000e+01  1.596533e+00
     vertex  4.245000e+00 -1.790000e+01  1.595000e+00
     vertex  4.233353e+00 -1.790000e+01  1.596533e+00
   endloop
 endfacet
 facet normal -3.826834e-01 -0.000000e+00 -9.238795e-01
   outer loop
     vertex  4.222500e+00 -1.710000e+01  1.601029e+00
     vertex  4.233353e+00 -1.790000e+01  1.596533e+00
     vertex  4.222500e+00 -1.790000e+01  1.601029e+00
   endloop
 endfacet
 facet normal -3.826834e-01  0.000000e+00 -9.238795e-01
   outer loop
     vertex  4.222500e+00 -1.710000e+01  1.601029e+00
     vertex  4.233353e+00 -1.710000e+01  1.596533e+00
     vertex  4.233353e+00 -1.790000e+01  1.596533e+00
   endloop
 endfacet
 facet normal -6.087614e-01 -0.000000e+00 -7.933533e-01
   outer loop
     vertex  4.213180e+00 -1.710000e+01  1.608180e+00
     vertex  4.222500e+00 -1.790000e+01  1.601029e+00
     vertex  4.213180e+00 -1.790000e+01  1.608180e+00
   endloop
 endfacet
 facet normal -6.087614e-01  0.000000e+00 -7.933533e-01
   outer loop
     vertex  4.213180e+00 -1.710000e+01  1.608180e+00
     vertex  4.222500e+00 -1.710000e+01  1.601029e+00
     vertex  4.222500e+00 -1.790000e+01  1.601029e+00
   endloop
 endfacet
 facet normal -7.933533e-01 -0.000000e+00 -6.087614e-01
   outer loop
     vertex  4.206029e+00 -1.710000e+01  1.617500e+00
     vertex  4.213180e+00 -1.790000e+01  1.608180e+00
     vertex  4.206029e+00 -1.790000e+01  1.617500e+00
   endloop
 endfacet
 facet normal -7.933533e-01  0.000000e+00 -6.087614e-01
   outer loop
     vertex  4.206029e+00 -1.710000e+01  1.617500e+00
     vertex  4.213180e+00 -1.710000e+01  1.608180e+00
     vertex  4.213180e+00 -1.790000e+01  1.608180e+00
   endloop
 endfacet
 facet normal -9.238795e-01 -0.000000e+00 -3.826834e-01
   outer loop
     vertex  4.201533e+00 -1.710000e+01  1.628353e+00
     vertex  4.206029e+00 -1.790000e+01  1.617500e+00
     vertex  4.201533e+00 -1.790000e+01  1.628353e+00
   endloop
 endfacet
 facet normal -9.238795e-01  0.000000e+00 -3.826834e-01
   outer loop
     vertex  4.201533e+00 -1.710000e+01  1.628353e+00
     vertex  4.206029e+00 -1.710000e+01  1.617500e+00
     vertex  4.206029e+00 -1.790000e+01  1.617500e+00
   endloop
 endfacet
 facet normal -9.914449e-01 -0.000000e+00 -1.305262e-01
   outer loop
     vertex  4.200000e+00 -1.710000e+01  1.640000e+00
     vertex  4.201533e+00 -1.790000e+01  1.628353e+00
     vertex  4.200000e+00 -1.790000e+01  1.640000e+00
   endloop
 endfacet
 facet normal -9.914449e-01  0.000000e+00 -1.305262e-01
   outer loop
     vertex  4.200000e+00 -1.710000e+01  1.640000e+00
     vertex  4.201533e+00 -1.710000e+01  1.628353e+00
     vertex  4.201533e+00 -1.790000e+01  1.628353e+00
   endloop
 endfacet
 facet normal -9.914449e-01  0.000000e+00  1.305262e-01
   outer loop
     vertex  4.201533e+00 -1.710000e+01  2.011647e+00
     vertex  4.200000e+00 -1.790000e+01  2.000000e+00
     vertex  4.201533e+00 -1.790000e+01  2.011647e+00
   endloop
 endfacet
 facet normal -9.914449e-01  0.000000e+00  1.305262e-01
   outer loop
     vertex  4.201533e+00 -1.710000e+01  2.011647e+00
     vertex  4.200000e+00 -1.710000e+01  2.000000e+00
     vertex  4.200000e+00 -1.790000e+01  2.000000e+00
   endloop
 endfacet
 facet normal -9.238795e-01  0.000000e+00  3.826834e-01
   outer loop
     vertex  4.206029e+00 -1.710000e+01  2.022500e+00
     vertex  4.201533e+00 -1.790000e+01  2.011647e+00
     vertex  4.206029e+00 -1.790000e+01  2.022500e+00
   endloop
 endfacet
 facet normal -9.238795e-01  0.000000e+00  3.826834e-01
   outer loop
     vertex  4.206029e+00 -1.710000e+01  2.022500e+00
     vertex  4.201533e+00 -1.710000e+01  2.011647e+00
     vertex  4.201533e+00 -1.790000e+01  2.011647e+00
   endloop
 endfacet
 facet normal -7.933533e-01  0.000000e+00  6.087614e-01
   outer loop
     vertex  4.213180e+00 -1.710000e+01  2.031820e+00
     vertex  4.206029e+00 -1.790000e+01  2.022500e+00
     vertex  4.213180e+00 -1.790000e+01  2.031820e+00
   endloop
 endfacet
 facet normal -7.933533e-01  0.000000e+00  6.087614e-01
   outer loop
     vertex  4.213180e+00 -1.710000e+01  2.031820e+00
     vertex  4.206029e+00 -1.710000e+01  2.022500e+00
     vertex  4.206029e+00 -1.790000e+01  2.022500e+00
   endloop
 endfacet
 facet normal -6.087614e-01  0.000000e+00  7.933533e-01
   outer loop
     vertex  4.222500e+00 -1.710000e+01  2.038971e+00
     vertex  4.213180e+00 -1.790000e+01  2.031820e+00
     vertex  4.222500e+00 -1.790000e+01  2.038971e+00
   endloop
 endfacet
 facet normal -6.087614e-01  0.000000e+00  7.933533e-01
   outer loop
     vertex  4.222500e+00 -1.710000e+01  2.038971e+00
     vertex  4.213180e+00 -1.710000e+01  2.031820e+00
     vertex  4.213180e+00 -1.790000e+01  2.031820e+00
   endloop
 endfacet
 facet normal -3.826834e-01  0.000000e+00  9.238795e-01
   outer loop
     vertex  4.233353e+00 -1.710000e+01  2.043467e+00
     vertex  4.222500e+00 -1.790000e+01  2.038971e+00
     vertex  4.233353e+00 -1.790000e+01  2.043467e+00
   endloop
 endfacet
 facet normal -3.826834e-01  0.000000e+00  9.238795e-01
   outer loop
     vertex  4.233353e+00 -1.710000e+01  2.043467e+00
     vertex  4.222500e+00 -1.710000e+01  2.038971e+00
     vertex  4.222500e+00 -1.790000e+01  2.038971e+00
   endloop
 endfacet
 facet normal -1.305262e-01  0.000000e+00  9.914449e-01
   outer loop
     vertex  4.245000e+00 -1.710000e+01  2.045000e+00
     vertex  4.233353e+00 -1.790000e+01  2.043467e+00
     vertex  4.245000e+00 -1.790000e+01  2.045000e+00
   endloop
 endfacet
 facet normal -1.305262e-01  0.000000e+00  9.914449e-01
   outer loop
     vertex  4.245000e+00 -1.710000e+01  2.045000e+00
     vertex  4.233353e+00 -1.710000e+01  2.043467e+00
     vertex  4.233353e+00 -1.790000e+01  2.043467e+00
   endloop
 endfacet
 facet normal  0.000000e+00  1.000000e+00  0.000000e+00
   outer loop
     vertex  4.245000e+00 -1.710000e+01  1.640000e+00
     vertex  4.201533e+00 -1.710000e+01  1.628353e+00
     vertex  4.200000e+00 -1.710000e+01  1.640000e+00
   endloop
 endfacet
 facet normal  0.000000e+00  1.000000e+00  0.000000e+00
   outer loop
     vertex  4.245000e+00 -1.710000e+01  1.640000e+00
     vertex  4.206029e+00 -1.710000e+01  1.617500e+00
     vertex  4.201533e+00 -1.710000e+01  1.628353e+00
   endloop
 endfacet
 facet normal  0.000000e+00  1.000000e+00  0.000000e+00
   outer loop
     vertex  4.245000e+00 -1.710000e+01  1.640000e+00
     vertex  4.213180e+00 -1.710000e+01  1.608180e+00
     vertex  4.206029e+00 -1.710000e+01  1.617500e+00
   endloop
 endfacet
 facet normal  0.000000e+00  1.000000e+00  0.000000e+00
   outer loop
     vertex  4.245000e+00 -1.710000e+01  1.640000e+00
     vertex  4.222500e+00 -1.710000e+01  1.601029e+00
     vertex  4.213180e+00 -1.710000e+01  1.608180e+00
   endloop
 endfacet
 facet normal  0.000000e+00  1.000000e+00  0.000000e+00
   outer loop
     vertex  4.245000e+00 -1.710000e+01  1.640000e+00
     vertex  4.233353e+00 -1.710000e+01  1.596533e+00
     vertex  4.222500e+00 -1.710000e+01  1.601029e+00
   endloop
 endfacet
 facet normal  0.000000e+00  1.000000e+00  0.000000e+00
   outer loop
     vertex  4.245000e+00 -1.710000e+01  1.640000e+00
     vertex  4.245000e+00 -1.710000e+01  1.595000e+00
     vertex  4.233353e+00 -1.710000e+01  1.596533e+00
   endloop
 endfacet
 facet normal  0.000000e+00  1.000000e+00  0.000000e+00
   outer loop
     vertex  4.455000e+00 -1.710000e+01  1.595000e+00
     vertex  4.245000e+00 -1.710000e+01  1.595000e+00
     vertex  4.245000e+00 -1.710000e+01  1.640000e+00
   endloop
 endfacet
 facet normal  0.000000e+00  1.000000e+00  0.000000e+00
   outer loop
     vertex  4.500000e+00 -1.710000e+01  1.640000e+00
     vertex  4.498467e+00 -1.710000e+01  1.628353e+00
     vertex  4.493971e+00 -1.710000e+01  1.617500e+00
   endloop
 endfacet
 facet normal  0.000000e+00  1.000000e+00  0.000000e+00
   outer loop
     vertex  4.500000e+00 -1.710000e+01  1.640000e+00
     vertex  4.493971e+00 -1.710000e+01  1.617500e+00
     vertex  4.486820e+00 -1.710000e+01  1.608180e+00
   endloop
 endfacet
 facet normal  0.000000e+00  1.000000e+00  0.000000e+00
   outer loop
     vertex  4.500000e+00 -1.710000e+01  1.640000e+00
     vertex  4.486820e+00 -1.710000e+01  1.608180e+00
     vertex  4.477500e+00 -1.710000e+01  1.601029e+00
   endloop
 endfacet
 facet normal  0.000000e+00  1.000000e+00  0.000000e+00
   outer loop
     vertex  4.500000e+00 -1.710000e+01  1.640000e+00
     vertex  4.477500e+00 -1.710000e+01  1.601029e+00
     vertex  4.466647e+00 -1.710000e+01  1.596533e+00
   endloop
 endfacet
 facet normal  0.000000e+00  1.000000e+00  0.000000e+00
   outer loop
     vertex  4.500000e+00 -1.710000e+01  1.640000e+00
     vertex  4.466647e+00 -1.710000e+01  1.596533e+00
     vertex  4.455000e+00 -1.710000e+01  1.595000e+00
   endloop
 endfacet
 facet normal  0.000000e+00  1.000000e+00  0.000000e+00
   outer loop
     vertex  4.500000e+00 -1.710000e+01  1.640000e+00
     vertex  4.455000e+00 -1.710000e+01  1.595000e+00
     vertex  4.245000e+00 -1.710000e+01  1.640000e+00
   endloop
 endfacet
 facet normal  0.000000e+00  1.000000e+00  0.000000e+00
   outer loop
     vertex  4.245000e+00 -1.710000e+01  2.000000e+00
     vertex  4.200000e+00 -1.710000e+01  1.640000e+00
     vertex  4.200000e+00 -1.710000e+01  2.000000e+00
   endloop
 endfacet
 facet normal  0.000000e+00  1.000000e+00  0.000000e+00
   outer loop
     vertex  4.245000e+00 -1.710000e+01  2.000000e+00
     vertex  4.200000e+00 -1.710000e+01  2.000000e+00
     vertex  4.201533e+00 -1.710000e+01  2.011647e+00
   endloop
 endfacet
 facet normal  0.000000e+00  1.000000e+00  0.000000e+00
   outer loop
     vertex  4.245000e+00 -1.710000e+01  2.000000e+00
     vertex  4.201533e+00 -1.710000e+01  2.011647e+00
     vertex  4.206029e+00 -1.710000e+01  2.022500e+00
   endloop
 endfacet
 facet normal  0.000000e+00  1.000000e+00  0.000000e+00
   outer loop
     vertex  4.245000e+00 -1.710000e+01  2.000000e+00
     vertex  4.206029e+00 -1.710000e+01  2.022500e+00
     vertex  4.213180e+00 -1.710000e+01  2.031820e+00
   endloop
 endfacet
 facet normal  0.000000e+00  1.000000e+00  0.000000e+00
   outer loop
     vertex  4.245000e+00 -1.710000e+01  2.000000e+00
     vertex  4.245000e+00 -1.710000e+01  1.640000e+00
     vertex  4.200000e+00 -1.710000e+01  1.640000e+00
   endloop
 endfacet
 facet normal  0.000000e+00  1.000000e+00  0.000000e+00
   outer loop
     vertex  4.222500e+00 -1.710000e+01  2.038971e+00
     vertex  4.245000e+00 -1.710000e+01  2.000000e+00
     vertex  4.213180e+00 -1.710000e+01  2.031820e+00
   endloop
 endfacet
 facet normal  0.000000e+00  1.000000e+00  0.000000e+00
   outer loop
     vertex  4.233353e+00 -1.710000e+01  2.043467e+00
     vertex  4.245000e+00 -1.710000e+01  2.000000e+00
     vertex  4.222500e+00 -1.710000e+01  2.038971e+00
   endloop
 endfacet
 facet normal  0.000000e+00  1.000000e+00  0.000000e+00
   outer loop
     vertex  4.245000e+00 -1.710000e+01  2.045000e+00
     vertex  4.245000e+00 -1.710000e+01  2.000000e+00
     vertex  4.233353e+00 -1.710000e+01  2.043467e+00
   endloop
 endfacet
 facet normal  0.000000e+00  1.000000e+00  0.000000e+00
   outer loop
     vertex  4.455000e+00 -1.710000e+01  2.045000e+00
     vertex  4.245000e+00 -1.710000e+01  2.000000e+00
     vertex  4.245000e+00 -1.710000e+01  2.045000e+00
   endloop
 endfacet
 facet normal  0.000000e+00  1.000000e+00  0.000000e+00
   outer loop
     vertex  4.500000e+00 -1.710000e+01  2.000000e+00
     vertex  4.245000e+00 -1.710000e+01  2.000000e+00
     vertex  4.455000e+00 -1.710000e+01  2.045000e+00
   endloop
 endfacet
 facet normal  0.000000e+00  1.000000e+00  0.000000e+00
   outer loop
     vertex  4.486820e+00 -1.710000e+01  2.031820e+00
     vertex  4.498467e+00 -1.710000e+01  2.011647e+00
     vertex  4.500000e+00 -1.710000e+01  2.000000e+00
   endloop
 endfacet
 facet normal  0.000000e+00  1.000000e+00  0.000000e+00
   outer loop
     vertex  4.486820e+00 -1.710000e+01  2.031820e+00
     vertex  4.493971e+00 -1.710000e+01  2.022500e+00
     vertex  4.498467e+00 -1.710000e+01  2.011647e+00
   endloop
 endfacet
 facet normal  0.000000e+00  1.000000e+00  0.000000e+00
   outer loop
     vertex  4.486820e+00 -1.710000e+01  2.031820e+00
     vertex  4.466647e+00 -1.710000e+01  2.043467e+00
     vertex  4.477500e+00 -1.710000e+01  2.038971e+00
   endloop
 endfacet
 facet normal  0.000000e+00  1.000000e+00  0.000000e+00
   outer loop
     vertex  4.486820e+00 -1.710000e+01  2.031820e+00
     vertex  4.455000e+00 -1.710000e+01  2.045000e+00
     vertex  4.466647e+00 -1.710000e+01  2.043467e+00
   endloop
 endfacet
 facet normal  0.000000e+00  1.000000e+00  0.000000e+00
   outer loop
     vertex  4.486820e+00 -1.710000e+01  2.031820e+00
     vertex  4.500000e+00 -1.710000e+01  2.000000e+00
     vertex  4.455000e+00 -1.710000e+01  2.045000e+00
   endloop
 endfacet
 facet normal -0.000000e+00  0.000000e+00 -1.000000e+00
   outer loop
     vertex  4.455000e+00 -1.710000e+01  1.595000e+00
     vertex  4.245000e+00 -1.790000e+01  1.595000e+00
     vertex  4.245000e+00 -1.710000e+01  1.595000e+00
   endloop
 endfacet
 facet normal  0.000000e+00 -0.000000e+00 -1.000000e+00
   outer loop
     vertex  4.455000e+00 -1.710000e+01  1.595000e+00
     vertex  4.455000e+00 -1.790000e+01  1.595000e+00
     vertex  4.245000e+00 -1.790000e+01  1.595000e+00
   endloop
 endfacet
 facet normal  9.914449e-01  0.000000e+00 -1.305262e-01
   outer loop
     vertex  4.498467e+00 -1.710000e+01  1.628353e+00
     vertex  4.500000e+00 -1.790000e+01  1.640000e+00
     vertex  4.498467e+00 -1.790000e+01  1.628353e+00
   endloop
 endfacet
 facet normal  9.914449e-01  0.000000e+00 -1.305262e-01
   outer loop
     vertex  4.498467e+00 -1.710000e+01  1.628353e+00
     vertex  4.500000e+00 -1.710000e+01  1.640000e+00
     vertex  4.500000e+00 -1.790000e+01  1.640000e+00
   endloop
 endfacet
 facet normal  9.238795e-01  0.000000e+00 -3.826834e-01
   outer loop
     vertex  4.493971e+00 -1.710000e+01  1.617500e+00
     vertex  4.498467e+00 -1.790000e+01  1.628353e+00
     vertex  4.493971e+00 -1.790000e+01  1.617500e+00
   endloop
 endfacet
 facet normal  9.238795e-01  0.000000e+00 -3.826834e-01
   outer loop
     vertex  4.493971e+00 -1.710000e+01  1.617500e+00
     vertex  4.498467e+00 -1.710000e+01  1.628353e+00
     vertex  4.498467e+00 -1.790000e+01  1.628353e+00
   endloop
 endfacet
 facet normal  7.933533e-01  0.000000e+00 -6.087614e-01
   outer loop
     vertex  4.486820e+00 -1.710000e+01  1.608180e+00
     vertex  4.493971e+00 -1.790000e+01  1.617500e+00
     vertex  4.486820e+00 -1.790000e+01  1.608180e+00
   endloop
 endfacet
 facet normal  7.933533e-01  0.000000e+00 -6.087614e-01
   outer loop
     vertex  4.486820e+00 -1.710000e+01  1.608180e+00
     vertex  4.493971e+00 -1.710000e+01  1.617500e+00
     vertex  4.493971e+00 -1.790000e+01  1.617500e+00
   endloop
 endfacet
 facet normal  6.087614e-01  0.000000e+00 -7.933533e-01
   outer loop
     vertex  4.477500e+00 -1.710000e+01  1.601029e+00
     vertex  4.486820e+00 -1.790000e+01  1.608180e+00
     vertex  4.477500e+00 -1.790000e+01  1.601029e+00
   endloop
 endfacet
 facet normal  6.087614e-01  0.000000e+00 -7.933533e-01
   outer loop
     vertex  4.477500e+00 -1.710000e+01  1.601029e+00
     vertex  4.486820e+00 -1.710000e+01  1.608180e+00
     vertex  4.486820e+00 -1.790000e+01  1.608180e+00
   endloop
 endfacet
 facet normal  3.826834e-01  0.000000e+00 -9.238795e-01
   outer loop
     vertex  4.466647e+00 -1.710000e+01  1.596533e+00
     vertex  4.477500e+00 -1.790000e+01  1.601029e+00
     vertex  4.466647e+00 -1.790000e+01  1.596533e+00
   endloop
 endfacet
 facet normal  3.826834e-01  0.000000e+00 -9.238795e-01
   outer loop
     vertex  4.466647e+00 -1.710000e+01  1.596533e+00
     vertex  4.477500e+00 -1.710000e+01  1.601029e+00
     vertex  4.477500e+00 -1.790000e+01  1.601029e+00
   endloop
 endfacet
 facet normal  1.305262e-01  0.000000e+00 -9.914449e-01
   outer loop
     vertex  4.455000e+00 -1.710000e+01  1.595000e+00
     vertex  4.466647e+00 -1.790000e+01  1.596533e+00
     vertex  4.455000e+00 -1.790000e+01  1.595000e+00
   endloop
 endfacet
 facet normal  1.305262e-01  0.000000e+00 -9.914449e-01
   outer loop
     vertex  4.455000e+00 -1.710000e+01  1.595000e+00
     vertex  4.466647e+00 -1.710000e+01  1.596533e+00
     vertex  4.466647e+00 -1.790000e+01  1.596533e+00
   endloop
 endfacet
 facet normal  0.000000e+00 -1.000000e+00 -0.000000e+00
   outer loop
     vertex  4.500000e+00 -1.790000e+01  2.000000e+00
     vertex  4.245000e+00 -1.790000e+01  1.640000e+00
     vertex  4.500000e+00 -1.790000e+01  1.640000e+00
   endloop
 endfacet
 facet normal -0.000000e+00 -1.000000e+00  0.000000e+00
   outer loop
     vertex  4.500000e+00 -1.790000e+01  2.000000e+00
     vertex  4.245000e+00 -1.790000e+01  2.000000e+00
     vertex  4.245000e+00 -1.790000e+01  1.640000e+00
   endloop
 endfacet
 facet normal  0.000000e+00 -1.000000e+00 -0.000000e+00
   outer loop
     vertex  5.500000e+00 -1.790000e+01  2.000000e+00
     vertex  4.500000e+00 -1.790000e+01  1.640000e+00
     vertex  5.500000e+00 -1.790000e+01  1.640000e+00
   endloop
 endfacet
 facet normal -0.000000e+00 -1.000000e+00  0.000000e+00
   outer loop
     vertex  5.500000e+00 -1.790000e+01  2.000000e+00
     vertex  4.500000e+00 -1.790000e+01  2.000000e+00
     vertex  4.500000e+00 -1.790000e+01  1.640000e+00
   endloop
 endfacet
 facet normal  0.000000e+00 -1.000000e+00 -0.000000e+00
   outer loop
     vertex  5.755000e+00 -1.790000e+01  2.000000e+00
     vertex  5.500000e+00 -1.790000e+01  1.640000e+00
     vertex  5.755000e+00 -1.790000e+01  1.640000e+00
   endloop
 endfacet
 facet normal -0.000000e+00 -1.000000e+00  0.000000e+00
   outer loop
     vertex  5.755000e+00 -1.790000e+01  2.000000e+00
     vertex  5.500000e+00 -1.790000e+01  2.000000e+00
     vertex  5.500000e+00 -1.790000e+01  1.640000e+00
   endloop
 endfacet
 facet normal  0.000000e+00  0.000000e+00  1.000000e+00
   outer loop
     vertex  4.455000e+00 -1.710000e+01  2.045000e+00
     vertex  4.245000e+00 -1.710000e+01  2.045000e+00
     vertex  4.245000e+00 -1.790000e+01  2.045000e+00
   endloop
 endfacet
 facet normal  0.000000e+00  0.000000e+00  1.000000e+00
   outer loop
     vertex  4.455000e+00 -1.710000e+01  2.045000e+00
     vertex  4.245000e+00 -1.790000e+01  2.045000e+00
     vertex  4.455000e+00 -1.790000e+01  2.045000e+00
   endloop
 endfacet
 facet normal  1.305262e-01  0.000000e+00  9.914449e-01
   outer loop
     vertex  4.466647e+00 -1.710000e+01  2.043467e+00
     vertex  4.455000e+00 -1.710000e+01  2.045000e+00
     vertex  4.455000e+00 -1.790000e+01  2.045000e+00
   endloop
 endfacet
 facet normal  1.305262e-01  0.000000e+00  9.914449e-01
   outer loop
     vertex  4.466647e+00 -1.710000e+01  2.043467e+00
     vertex  4.455000e+00 -1.790000e+01  2.045000e+00
     vertex  4.466647e+00 -1.790000e+01  2.043467e+00
   endloop
 endfacet
 facet normal  3.826834e-01  0.000000e+00  9.238795e-01
   outer loop
     vertex  4.477500e+00 -1.710000e+01  2.038971e+00
     vertex  4.466647e+00 -1.790000e+01  2.043467e+00
     vertex  4.477500e+00 -1.790000e+01  2.038971e+00
   endloop
 endfacet
 facet normal  3.826834e-01  0.000000e+00  9.238795e-01
   outer loop
     vertex  4.477500e+00 -1.710000e+01  2.038971e+00
     vertex  4.466647e+00 -1.710000e+01  2.043467e+00
     vertex  4.466647e+00 -1.790000e+01  2.043467e+00
   endloop
 endfacet
 facet normal  6.087614e-01  0.000000e+00  7.933533e-01
   outer loop
     vertex  4.486820e+00 -1.710000e+01  2.031820e+00
     vertex  4.477500e+00 -1.790000e+01  2.038971e+00
     vertex  4.486820e+00 -1.790000e+01  2.031820e+00
   endloop
 endfacet
 facet normal  6.087614e-01  0.000000e+00  7.933533e-01
   outer loop
     vertex  4.486820e+00 -1.710000e+01  2.031820e+00
     vertex  4.477500e+00 -1.710000e+01  2.038971e+00
     vertex  4.477500e+00 -1.790000e+01  2.038971e+00
   endloop
 endfacet
 facet normal  7.933533e-01  0.000000e+00  6.087614e-01
   outer loop
     vertex  4.493971e+00 -1.710000e+01  2.022500e+00
     vertex  4.486820e+00 -1.790000e+01  2.031820e+00
     vertex  4.493971e+00 -1.790000e+01  2.022500e+00
   endloop
 endfacet
 facet normal  7.933533e-01  0.000000e+00  6.087614e-01
   outer loop
     vertex  4.493971e+00 -1.710000e+01  2.022500e+00
     vertex  4.486820e+00 -1.710000e+01  2.031820e+00
     vertex  4.486820e+00 -1.790000e+01  2.031820e+00
   endloop
 endfacet
 facet normal  9.238795e-01  0.000000e+00  3.826834e-01
   outer loop
     vertex  4.498467e+00 -1.710000e+01  2.011647e+00
     vertex  4.493971e+00 -1.790000e+01  2.022500e+00
     vertex  4.498467e+00 -1.790000e+01  2.011647e+00
   endloop
 endfacet
 facet normal  9.238795e-01  0.000000e+00  3.826834e-01
   outer loop
     vertex  4.498467e+00 -1.710000e+01  2.011647e+00
     vertex  4.493971e+00 -1.710000e+01  2.022500e+00
     vertex  4.493971e+00 -1.790000e+01  2.022500e+00
   endloop
 endfacet
 facet normal  9.914449e-01  0.000000e+00  1.305262e-01
   outer loop
     vertex  4.500000e+00 -1.710000e+01  2.000000e+00
     vertex  4.498467e+00 -1.790000e+01  2.011647e+00
     vertex  4.500000e+00 -1.790000e+01  2.000000e+00
   endloop
 endfacet
 facet normal  9.914449e-01  0.000000e+00  1.305262e-01
   outer loop
     vertex  4.500000e+00 -1.710000e+01  2.000000e+00
     vertex  4.498467e+00 -1.710000e+01  2.011647e+00
     vertex  4.498467e+00 -1.790000e+01  2.011647e+00
   endloop
 endfacet
 facet normal  0.000000e+00  1.000000e+00  0.000000e+00
   outer loop
     vertex  4.500000e+00 -1.710000e+01  2.000000e+00
     vertex  4.500000e+00 -1.710000e+01  1.640000e+00
     vertex  4.245000e+00 -1.710000e+01  1.640000e+00
   endloop
 endfacet
 facet normal  0.000000e+00  1.000000e+00  0.000000e+00
   outer loop
     vertex  4.500000e+00 -1.710000e+01  2.000000e+00
     vertex  4.245000e+00 -1.710000e+01  1.640000e+00
     vertex  4.245000e+00 -1.710000e+01  2.000000e+00
   endloop
 endfacet
 facet normal  0.000000e+00  1.000000e+00  0.000000e+00
   outer loop
     vertex  5.500000e+00 -1.710000e+01  2.000000e+00
     vertex  5.500000e+00 -1.710000e+01  1.640000e+00
     vertex  4.500000e+00 -1.710000e+01  1.640000e+00
   endloop
 endfacet
 facet normal  0.000000e+00  1.000000e+00  0.000000e+00
   outer loop
     vertex  5.500000e+00 -1.710000e+01  2.000000e+00
     vertex  4.500000e+00 -1.710000e+01  1.640000e+00
     vertex  4.500000e+00 -1.710000e+01  2.000000e+00
   endloop
 endfacet
 facet normal  0.000000e+00  1.000000e+00  0.000000e+00
   outer loop
     vertex  5.755000e+00 -1.710000e+01  2.000000e+00
     vertex  5.755000e+00 -1.710000e+01  1.640000e+00
     vertex  5.500000e+00 -1.710000e+01  1.640000e+00
   endloop
 endfacet
 facet normal  0.000000e+00  1.000000e+00  0.000000e+00
   outer loop
     vertex  5.755000e+00 -1.710000e+01  2.000000e+00
     vertex  5.500000e+00 -1.710000e+01  1.640000e+00
     vertex  5.500000e+00 -1.710000e+01  2.000000e+00
   endloop
 endfacet
 facet normal -0.000000e+00  0.000000e+00 -1.000000e+00
   outer loop
     vertex  5.500000e+00 -1.710000e+01  1.640000e+00
     vertex  4.500000e+00 -1.790000e+01  1.640000e+00
     vertex  4.500000e+00 -1.710000e+01  1.640000e+00
   endloop
 endfacet
 facet normal  0.000000e+00 -0.000000e+00 -1.000000e+00
   outer loop
     vertex  5.500000e+00 -1.710000e+01  1.640000e+00
     vertex  5.500000e+00 -1.790000e+01  1.640000e+00
     vertex  4.500000e+00 -1.790000e+01  1.640000e+00
   endloop
 endfacet
 facet normal  0.000000e+00 -1.000000e+00  0.000000e+00
   outer loop
     vertex  5.545000e+00 -1.790000e+01  1.595000e+00
     vertex  5.500000e+00 -1.790000e+01  1.640000e+00
     vertex  5.501533e+00 -1.790000e+01  1.628353e+00
   endloop
 endfacet
 facet normal  0.000000e+00 -1.000000e+00  0.000000e+00
   outer loop
     vertex  5.545000e+00 -1.790000e+01  1.595000e+00
     vertex  5.501533e+00 -1.790000e+01  1.628353e+00
     vertex  5.506029e+00 -1.790000e+01  1.617500e+00
   endloop
 endfacet
 facet normal  0.000000e+00 -1.000000e+00  0.000000e+00
   outer loop
     vertex  5.545000e+00 -1.790000e+01  1.595000e+00
     vertex  5.506029e+00 -1.790000e+01  1.617500e+00
     vertex  5.513180e+00 -1.790000e+01  1.608180e+00
   endloop
 endfacet
 facet normal  0.000000e+00 -1.000000e+00  0.000000e+00
   outer loop
     vertex  5.545000e+00 -1.790000e+01  1.595000e+00
     vertex  5.513180e+00 -1.790000e+01  1.608180e+00
     vertex  5.522500e+00 -1.790000e+01  1.601029e+00
   endloop
 endfacet
 facet normal  0.000000e+00 -1.000000e+00  0.000000e+00
   outer loop
     vertex  5.545000e+00 -1.790000e+01  1.595000e+00
     vertex  5.522500e+00 -1.790000e+01  1.601029e+00
     vertex  5.533353e+00 -1.790000e+01  1.596533e+00
   endloop
 endfacet
 facet normal  0.000000e+00 -1.000000e+00 -0.000000e+00
   outer loop
     vertex  5.755000e+00 -1.790000e+01  1.640000e+00
     vertex  5.545000e+00 -1.790000e+01  1.595000e+00
     vertex  5.755000e+00 -1.790000e+01  1.595000e+00
   endloop
 endfacet
 facet normal  0.000000e+00 -1.000000e+00  0.000000e+00
   outer loop
     vertex  5.755000e+00 -1.790000e+01  1.640000e+00
     vertex  5.766647e+00 -1.790000e+01  1.596533e+00
     vertex  5.777500e+00 -1.790000e+01  1.601029e+00
   endloop
 endfacet
 facet normal  0.000000e+00 -1.000000e+00  0.000000e+00
   outer loop
     vertex  5.755000e+00 -1.790000e+01  1.640000e+00
     vertex  5.755000e+00 -1.790000e+01  1.595000e+00
     vertex  5.766647e+00 -1.790000e+01  1.596533e+00
   endloop
 endfacet
 facet normal -0.000000e+00 -1.000000e+00  0.000000e+00
   outer loop
     vertex  5.755000e+00 -1.790000e+01  1.640000e+00
     vertex  5.500000e+00 -1.790000e+01  1.640000e+00
     vertex  5.545000e+00 -1.790000e+01  1.595000e+00
   endloop
 endfacet
 facet normal -0.000000e+00 -1.000000e+00  0.000000e+00
   outer loop
     vertex  5.786820e+00 -1.790000e+01  1.608180e+00
     vertex  5.755000e+00 -1.790000e+01  1.640000e+00
     vertex  5.777500e+00 -1.790000e+01  1.601029e+00
   endloop
 endfacet
 facet normal -0.000000e+00 -1.000000e+00  0.000000e+00
   outer loop
     vertex  5.793971e+00 -1.790000e+01  1.617500e+00
     vertex  5.755000e+00 -1.790000e+01  1.640000e+00
     vertex  5.786820e+00 -1.790000e+01  1.608180e+00
   endloop
 endfacet
 facet normal -0.000000e+00 -1.000000e+00  0.000000e+00
   outer loop
     vertex  5.798467e+00 -1.790000e+01  1.628353e+00
     vertex  5.755000e+00 -1.790000e+01  1.640000e+00
     vertex  5.793971e+00 -1.790000e+01  1.617500e+00
   endloop
 endfacet
 facet normal -0.000000e+00 -1.000000e+00  0.000000e+00
   outer loop
     vertex  5.800000e+00 -1.790000e+01  1.640000e+00
     vertex  5.755000e+00 -1.790000e+01  1.640000e+00
     vertex  5.798467e+00 -1.790000e+01  1.628353e+00
   endloop
 endfacet
 facet normal  0.000000e+00 -1.000000e+00  0.000000e+00
   outer loop
     vertex  5.522500e+00 -1.790000e+01  2.038971e+00
     vertex  5.506029e+00 -1.790000e+01  2.022500e+00
     vertex  5.501533e+00 -1.790000e+01  2.011647e+00
   endloop
 endfacet
 facet normal  0.000000e+00 -1.000000e+00  0.000000e+00
   outer loop
     vertex  5.522500e+00 -1.790000e+01  2.038971e+00
     vertex  5.513180e+00 -1.790000e+01  2.031820e+00
     vertex  5.506029e+00 -1.790000e+01  2.022500e+00
   endloop
 endfacet
 facet normal  0.000000e+00 -1.000000e+00  0.000000e+00
   outer loop
     vertex  5.545000e+00 -1.790000e+01  2.045000e+00
     vertex  5.501533e+00 -1.790000e+01  2.011647e+00
     vertex  5.500000e+00 -1.790000e+01  2.000000e+00
   endloop
 endfacet
 facet normal  0.000000e+00 -1.000000e+00  0.000000e+00
   outer loop
     vertex  5.545000e+00 -1.790000e+01  2.045000e+00
     vertex  5.533353e+00 -1.790000e+01  2.043467e+00
     vertex  5.522500e+00 -1.790000e+01  2.038971e+00
   endloop
 endfacet
 facet normal  0.000000e+00 -1.000000e+00  0.000000e+00
   outer loop
     vertex  5.545000e+00 -1.790000e+01  2.045000e+00
     vertex  5.522500e+00 -1.790000e+01  2.038971e+00
     vertex  5.501533e+00 -1.790000e+01  2.011647e+00
   endloop
 endfacet
 facet normal  0.000000e+00 -1.000000e+00  0.000000e+00
   outer loop
     vertex  5.755000e+00 -1.790000e+01  2.000000e+00
     vertex  5.545000e+00 -1.790000e+01  2.045000e+00
     vertex  5.500000e+00 -1.790000e+01  2.000000e+00
   endloop
 endfacet
 facet normal -0.000000e+00 -1.000000e+00 -0.000000e+00
   outer loop
     vertex  5.755000e+00 -1.790000e+01  2.045000e+00
     vertex  5.545000e+00 -1.790000e+01  2.045000e+00
     vertex  5.755000e+00 -1.790000e+01  2.000000e+00
   endloop
 endfacet
 facet normal -0.000000e+00 -1.000000e+00  0.000000e+00
   outer loop
     vertex  5.800000e+00 -1.790000e+01  2.000000e+00
     vertex  5.755000e+00 -1.790000e+01  2.000000e+00
     vertex  5.755000e+00 -1.790000e+01  1.640000e+00
   endloop
 endfacet
 facet normal  0.000000e+00 -1.000000e+00 -0.000000e+00
   outer loop
     vertex  5.800000e+00 -1.790000e+01  2.000000e+00
     vertex  5.755000e+00 -1.790000e+01  1.640000e+00
     vertex  5.800000e+00 -1.790000e+01  1.640000e+00
   endloop
 endfacet
 facet normal  0.000000e+00 -1.000000e+00 -0.000000e+00
   outer loop
     vertex  5.798467e+00 -1.790000e+01  2.011647e+00
     vertex  5.755000e+00 -1.790000e+01  2.000000e+00
     vertex  5.800000e+00 -1.790000e+01  2.000000e+00
   endloop
 endfacet
 facet normal -0.000000e+00 -1.000000e+00  0.000000e+00
   outer loop
     vertex  5.766647e+00 -1.790000e+01  2.043467e+00
     vertex  5.755000e+00 -1.790000e+01  2.045000e+00
     vertex  5.755000e+00 -1.790000e+01  2.000000e+00
   endloop
 endfacet
 facet normal  0.000000e+00 -1.000000e+00 -0.000000e+00
   outer loop
     vertex  5.793971e+00 -1.790000e+01  2.022500e+00
     vertex  5.755000e+00 -1.790000e+01  2.000000e+00
     vertex  5.798467e+00 -1.790000e+01  2.011647e+00
   endloop
 endfacet
 facet normal -0.000000e+00 -1.000000e+00  0.000000e+00
   outer loop
     vertex  5.777500e+00 -1.790000e+01  2.038971e+00
     vertex  5.766647e+00 -1.790000e+01  2.043467e+00
     vertex  5.755000e+00 -1.790000e+01  2.000000e+00
   endloop
 endfacet
 facet normal  0.000000e+00 -1.000000e+00 -0.000000e+00
   outer loop
     vertex  5.786820e+00 -1.790000e+01  2.031820e+00
     vertex  5.755000e+00 -1.790000e+01  2.000000e+00
     vertex  5.793971e+00 -1.790000e+01  2.022500e+00
   endloop
 endfacet
 facet normal -0.000000e+00 -1.000000e+00  0.000000e+00
   outer loop
     vertex  5.786820e+00 -1.790000e+01  2.031820e+00
     vertex  5.777500e+00 -1.790000e+01  2.038971e+00
     vertex  5.755000e+00 -1.790000e+01  2.000000e+00
   endloop
 endfacet
 facet normal  0.000000e+00 -1.000000e+00 -0.000000e+00
   outer loop
     vertex  5.500000e+00 -1.790000e+01  2.045000e+00
     vertex  4.500000e+00 -1.790000e+01  2.000000e+00
     vertex  5.500000e+00 -1.790000e+01  2.000000e+00
   endloop
 endfacet
 facet normal -0.000000e+00 -1.000000e+00  0.000000e+00
   outer loop
     vertex  5.500000e+00 -1.790000e+01  2.045000e+00
     vertex  4.500000e+00 -1.790000e+01  2.045000e+00
     vertex  4.500000e+00 -1.790000e+01  2.000000e+00
   endloop
 endfacet
 facet normal -1.000000e+00  0.000000e+00  0.000000e+00
   outer loop
     vertex  4.500000e+00 -1.790000e+01  2.045000e+00
     vertex  4.500000e+00 -1.710000e+01  2.000000e+00
     vertex  4.500000e+00 -1.790000e+01  2.000000e+00
   endloop
 endfacet
 facet normal -1.000000e+00  0.000000e+00  0.000000e+00
   outer loop
     vertex  4.500000e+00 -1.790000e+01  2.045000e+00
     vertex  4.500000e+00 -1.710000e+01  2.045000e+00
     vertex  4.500000e+00 -1.710000e+01  2.000000e+00
   endloop
 endfacet
 facet normal  0.000000e+00  1.000000e+00  0.000000e+00
   outer loop
     vertex  5.545000e+00 -1.710000e+01  1.595000e+00
     vertex  5.501533e+00 -1.710000e+01  1.628353e+00
     vertex  5.500000e+00 -1.710000e+01  1.640000e+00
   endloop
 endfacet
 facet normal  0.000000e+00  1.000000e+00  0.000000e+00
   outer loop
     vertex  5.545000e+00 -1.710000e+01  1.595000e+00
     vertex  5.506029e+00 -1.710000e+01  1.617500e+00
     vertex  5.501533e+00 -1.710000e+01  1.628353e+00
   endloop
 endfacet
 facet normal  0.000000e+00  1.000000e+00  0.000000e+00
   outer loop
     vertex  5.545000e+00 -1.710000e+01  1.595000e+00
     vertex  5.513180e+00 -1.710000e+01  1.608180e+00
     vertex  5.506029e+00 -1.710000e+01  1.617500e+00
   endloop
 endfacet
 facet normal  0.000000e+00  1.000000e+00  0.000000e+00
   outer loop
     vertex  5.545000e+00 -1.710000e+01  1.595000e+00
     vertex  5.522500e+00 -1.710000e+01  1.601029e+00
     vertex  5.513180e+00 -1.710000e+01  1.608180e+00
   endloop
 endfacet
 facet normal  0.000000e+00  1.000000e+00  0.000000e+00
   outer loop
     vertex  5.545000e+00 -1.710000e+01  1.595000e+00
     vertex  5.533353e+00 -1.710000e+01  1.596533e+00
     vertex  5.522500e+00 -1.710000e+01  1.601029e+00
   endloop
 endfacet
 facet normal  0.000000e+00  1.000000e+00  0.000000e+00
   outer loop
     vertex  5.755000e+00 -1.710000e+01  1.640000e+00
     vertex  5.755000e+00 -1.710000e+01  1.595000e+00
     vertex  5.545000e+00 -1.710000e+01  1.595000e+00
   endloop
 endfacet
 facet normal  0.000000e+00  1.000000e+00  0.000000e+00
   outer loop
     vertex  5.755000e+00 -1.710000e+01  1.640000e+00
     vertex  5.777500e+00 -1.710000e+01  1.601029e+00
     vertex  5.766647e+00 -1.710000e+01  1.596533e+00
   endloop
 endfacet
 facet normal  0.000000e+00  1.000000e+00  0.000000e+00
   outer loop
     vertex  5.755000e+00 -1.710000e+01  1.640000e+00
     vertex  5.766647e+00 -1.710000e+01  1.596533e+00
     vertex  5.755000e+00 -1.710000e+01  1.595000e+00
   endloop
 endfacet
 facet normal  0.000000e+00  1.000000e+00  0.000000e+00
   outer loop
     vertex  5.755000e+00 -1.710000e+01  1.640000e+00
     vertex  5.545000e+00 -1.710000e+01  1.595000e+00
     vertex  5.500000e+00 -1.710000e+01  1.640000e+00
   endloop
 endfacet
 facet normal  0.000000e+00  1.000000e+00  0.000000e+00
   outer loop
     vertex  5.786820e+00 -1.710000e+01  1.608180e+00
     vertex  5.777500e+00 -1.710000e+01  1.601029e+00
     vertex  5.755000e+00 -1.710000e+01  1.640000e+00
   endloop
 endfacet
 facet normal  0.000000e+00  1.000000e+00  0.000000e+00
   outer loop
     vertex  5.793971e+00 -1.710000e+01  1.617500e+00
     vertex  5.786820e+00 -1.710000e+01  1.608180e+00
     vertex  5.755000e+00 -1.710000e+01  1.640000e+00
   endloop
 endfacet
 facet normal  0.000000e+00  1.000000e+00  0.000000e+00
   outer loop
     vertex  5.798467e+00 -1.710000e+01  1.628353e+00
     vertex  5.793971e+00 -1.710000e+01  1.617500e+00
     vertex  5.755000e+00 -1.710000e+01  1.640000e+00
   endloop
 endfacet
 facet normal  0.000000e+00  1.000000e+00  0.000000e+00
   outer loop
     vertex  5.800000e+00 -1.710000e+01  1.640000e+00
     vertex  5.798467e+00 -1.710000e+01  1.628353e+00
     vertex  5.755000e+00 -1.710000e+01  1.640000e+00
   endloop
 endfacet
 facet normal  0.000000e+00  1.000000e+00  0.000000e+00
   outer loop
     vertex  5.522500e+00 -1.710000e+01  2.038971e+00
     vertex  5.501533e+00 -1.710000e+01  2.011647e+00
     vertex  5.506029e+00 -1.710000e+01  2.022500e+00
   endloop
 endfacet
 facet normal  0.000000e+00  1.000000e+00  0.000000e+00
   outer loop
     vertex  5.522500e+00 -1.710000e+01  2.038971e+00
     vertex  5.506029e+00 -1.710000e+01  2.022500e+00
     vertex  5.513180e+00 -1.710000e+01  2.031820e+00
   endloop
 endfacet
 facet normal  0.000000e+00  1.000000e+00  0.000000e+00
   outer loop
     vertex  5.545000e+00 -1.710000e+01  2.045000e+00
     vertex  5.500000e+00 -1.710000e+01  2.000000e+00
     vertex  5.501533e+00 -1.710000e+01  2.011647e+00
   endloop
 endfacet
 facet normal  0.000000e+00  1.000000e+00  0.000000e+00
   outer loop
     vertex  5.545000e+00 -1.710000e+01  2.045000e+00
     vertex  5.522500e+00 -1.710000e+01  2.038971e+00
     vertex  5.533353e+00 -1.710000e+01  2.043467e+00
   endloop
 endfacet
 facet normal  0.000000e+00  1.000000e+00  0.000000e+00
   outer loop
     vertex  5.545000e+00 -1.710000e+01  2.045000e+00
     vertex  5.501533e+00 -1.710000e+01  2.011647e+00
     vertex  5.522500e+00 -1.710000e+01  2.038971e+00
   endloop
 endfacet
 facet normal  0.000000e+00  1.000000e+00  0.000000e+00
   outer loop
     vertex  5.755000e+00 -1.710000e+01  2.000000e+00
     vertex  5.500000e+00 -1.710000e+01  2.000000e+00
     vertex  5.545000e+00 -1.710000e+01  2.045000e+00
   endloop
 endfacet
 facet normal  0.000000e+00  1.000000e+00  0.000000e+00
   outer loop
     vertex  5.755000e+00 -1.710000e+01  2.045000e+00
     vertex  5.755000e+00 -1.710000e+01  2.000000e+00
     vertex  5.545000e+00 -1.710000e+01  2.045000e+00
   endloop
 endfacet
 facet normal  0.000000e+00  1.000000e+00  0.000000e+00
   outer loop
     vertex  5.800000e+00 -1.710000e+01  2.000000e+00
     vertex  5.755000e+00 -1.710000e+01  1.640000e+00
     vertex  5.755000e+00 -1.710000e+01  2.000000e+00
   endloop
 endfacet
 facet normal  0.000000e+00  1.000000e+00  0.000000e+00
   outer loop
     vertex  5.800000e+00 -1.710000e+01  2.000000e+00
     vertex  5.800000e+00 -1.710000e+01  1.640000e+00
     vertex  5.755000e+00 -1.710000e+01  1.640000e+00
   endloop
 endfacet
 facet normal  0.000000e+00  1.000000e+00  0.000000e+00
   outer loop
     vertex  5.798467e+00 -1.710000e+01  2.011647e+00
     vertex  5.800000e+00 -1.710000e+01  2.000000e+00
     vertex  5.755000e+00 -1.710000e+01  2.000000e+00
   endloop
 endfacet
 facet normal  0.000000e+00  1.000000e+00  0.000000e+00
   outer loop
     vertex  5.766647e+00 -1.710000e+01  2.043467e+00
     vertex  5.755000e+00 -1.710000e+01  2.000000e+00
     vertex  5.755000e+00 -1.710000e+01  2.045000e+00
   endloop
 endfacet
 facet normal  0.000000e+00  1.000000e+00  0.000000e+00
   outer loop
     vertex  5.793971e+00 -1.710000e+01  2.022500e+00
     vertex  5.798467e+00 -1.710000e+01  2.011647e+00
     vertex  5.755000e+00 -1.710000e+01  2.000000e+00
   endloop
 endfacet
 facet normal  0.000000e+00  1.000000e+00  0.000000e+00
   outer loop
     vertex  5.777500e+00 -1.710000e+01  2.038971e+00
     vertex  5.755000e+00 -1.710000e+01  2.000000e+00
     vertex  5.766647e+00 -1.710000e+01  2.043467e+00
   endloop
 endfacet
 facet normal  0.000000e+00  1.000000e+00  0.000000e+00
   outer loop
     vertex  5.786820e+00 -1.710000e+01  2.031820e+00
     vertex  5.793971e+00 -1.710000e+01  2.022500e+00
     vertex  5.755000e+00 -1.710000e+01  2.000000e+00
   endloop
 endfacet
 facet normal  0.000000e+00  1.000000e+00  0.000000e+00
   outer loop
     vertex  5.786820e+00 -1.710000e+01  2.031820e+00
     vertex  5.755000e+00 -1.710000e+01  2.000000e+00
     vertex  5.777500e+00 -1.710000e+01  2.038971e+00
   endloop
 endfacet
 facet normal  0.000000e+00  1.000000e+00  0.000000e+00
   outer loop
     vertex  5.500000e+00 -1.710000e+01  2.045000e+00
     vertex  5.500000e+00 -1.710000e+01  2.000000e+00
     vertex  4.500000e+00 -1.710000e+01  2.000000e+00
   endloop
 endfacet
 facet normal  0.000000e+00  1.000000e+00  0.000000e+00
   outer loop
     vertex  5.500000e+00 -1.710000e+01  2.045000e+00
     vertex  4.500000e+00 -1.710000e+01  2.000000e+00
     vertex  4.500000e+00 -1.710000e+01  2.045000e+00
   endloop
 endfacet
 facet normal -1.305262e-01  0.000000e+00 -9.914449e-01
   outer loop
     vertex  5.533353e+00 -1.710000e+01  1.596533e+00
     vertex  5.545000e+00 -1.710000e+01  1.595000e+00
     vertex  5.545000e+00 -1.790000e+01  1.595000e+00
   endloop
 endfacet
 facet normal -1.305262e-01 -0.000000e+00 -9.914449e-01
   outer loop
     vertex  5.533353e+00 -1.710000e+01  1.596533e+00
     vertex  5.545000e+00 -1.790000e+01  1.595000e+00
     vertex  5.533353e+00 -1.790000e+01  1.596533e+00
   endloop
 endfacet
 facet normal -3.826834e-01 -0.000000e+00 -9.238795e-01
   outer loop
     vertex  5.522500e+00 -1.710000e+01  1.601029e+00
     vertex  5.533353e+00 -1.790000e+01  1.596533e+00
     vertex  5.522500e+00 -1.790000e+01  1.601029e+00
   endloop
 endfacet
 facet normal -3.826834e-01  0.000000e+00 -9.238795e-01
   outer loop
     vertex  5.522500e+00 -1.710000e+01  1.601029e+00
     vertex  5.533353e+00 -1.710000e+01  1.596533e+00
     vertex  5.533353e+00 -1.790000e+01  1.596533e+00
   endloop
 endfacet
 facet normal -6.087614e-01 -0.000000e+00 -7.933533e-01
   outer loop
     vertex  5.513180e+00 -1.710000e+01  1.608180e+00
     vertex  5.522500e+00 -1.790000e+01  1.601029e+00
     vertex  5.513180e+00 -1.790000e+01  1.608180e+00
   endloop
 endfacet
 facet normal -6.087614e-01  0.000000e+00 -7.933533e-01
   outer loop
     vertex  5.513180e+00 -1.710000e+01  1.608180e+00
     vertex  5.522500e+00 -1.710000e+01  1.601029e+00
     vertex  5.522500e+00 -1.790000e+01  1.601029e+00
   endloop
 endfacet
 facet normal -7.933533e-01 -0.000000e+00 -6.087614e-01
   outer loop
     vertex  5.506029e+00 -1.710000e+01  1.617500e+00
     vertex  5.513180e+00 -1.790000e+01  1.608180e+00
     vertex  5.506029e+00 -1.790000e+01  1.617500e+00
   endloop
 endfacet
 facet normal -7.933533e-01  0.000000e+00 -6.087614e-01
   outer loop
     vertex  5.506029e+00 -1.710000e+01  1.617500e+00
     vertex  5.513180e+00 -1.710000e+01  1.608180e+00
     vertex  5.513180e+00 -1.790000e+01  1.608180e+00
   endloop
 endfacet
 facet normal -9.238795e-01 -0.000000e+00 -3.826834e-01
   outer loop
     vertex  5.501533e+00 -1.710000e+01  1.628353e+00
     vertex  5.506029e+00 -1.790000e+01  1.617500e+00
     vertex  5.501533e+00 -1.790000e+01  1.628353e+00
   endloop
 endfacet
 facet normal -9.238795e-01  0.000000e+00 -3.826834e-01
   outer loop
     vertex  5.501533e+00 -1.710000e+01  1.628353e+00
     vertex  5.506029e+00 -1.710000e+01  1.617500e+00
     vertex  5.506029e+00 -1.790000e+01  1.617500e+00
   endloop
 endfacet
 facet normal -9.914449e-01 -0.000000e+00 -1.305262e-01
   outer loop
     vertex  5.500000e+00 -1.710000e+01  1.640000e+00
     vertex  5.501533e+00 -1.790000e+01  1.628353e+00
     vertex  5.500000e+00 -1.790000e+01  1.640000e+00
   endloop
 endfacet
 facet normal -9.914449e-01  0.000000e+00 -1.305262e-01
   outer loop
     vertex  5.500000e+00 -1.710000e+01  1.640000e+00
     vertex  5.501533e+00 -1.710000e+01  1.628353e+00
     vertex  5.501533e+00 -1.790000e+01  1.628353e+00
   endloop
 endfacet
 facet normal -0.000000e+00  0.000000e+00 -1.000000e+00
   outer loop
     vertex  5.755000e+00 -1.710000e+01  1.595000e+00
     vertex  5.545000e+00 -1.790000e+01  1.595000e+00
     vertex  5.545000e+00 -1.710000e+01  1.595000e+00
   endloop
 endfacet
 facet normal  0.000000e+00 -0.000000e+00 -1.000000e+00
   outer loop
     vertex  5.755000e+00 -1.710000e+01  1.595000e+00
     vertex  5.755000e+00 -1.790000e+01  1.595000e+00
     vertex  5.545000e+00 -1.790000e+01  1.595000e+00
   endloop
 endfacet
 facet normal  9.914449e-01  0.000000e+00 -1.305262e-01
   outer loop
     vertex  5.798467e+00 -1.710000e+01  1.628353e+00
     vertex  5.800000e+00 -1.790000e+01  1.640000e+00
     vertex  5.798467e+00 -1.790000e+01  1.628353e+00
   endloop
 endfacet
 facet normal  9.914449e-01  0.000000e+00 -1.305262e-01
   outer loop
     vertex  5.798467e+00 -1.710000e+01  1.628353e+00
     vertex  5.800000e+00 -1.710000e+01  1.640000e+00
     vertex  5.800000e+00 -1.790000e+01  1.640000e+00
   endloop
 endfacet
 facet normal  9.238795e-01  0.000000e+00 -3.826834e-01
   outer loop
     vertex  5.793971e+00 -1.710000e+01  1.617500e+00
     vertex  5.798467e+00 -1.790000e+01  1.628353e+00
     vertex  5.793971e+00 -1.790000e+01  1.617500e+00
   endloop
 endfacet
 facet normal  9.238795e-01  0.000000e+00 -3.826834e-01
   outer loop
     vertex  5.793971e+00 -1.710000e+01  1.617500e+00
     vertex  5.798467e+00 -1.710000e+01  1.628353e+00
     vertex  5.798467e+00 -1.790000e+01  1.628353e+00
   endloop
 endfacet
 facet normal  7.933533e-01  0.000000e+00 -6.087614e-01
   outer loop
     vertex  5.786820e+00 -1.710000e+01  1.608180e+00
     vertex  5.793971e+00 -1.790000e+01  1.617500e+00
     vertex  5.786820e+00 -1.790000e+01  1.608180e+00
   endloop
 endfacet
 facet normal  7.933533e-01  0.000000e+00 -6.087614e-01
   outer loop
     vertex  5.786820e+00 -1.710000e+01  1.608180e+00
     vertex  5.793971e+00 -1.710000e+01  1.617500e+00
     vertex  5.793971e+00 -1.790000e+01  1.617500e+00
   endloop
 endfacet
 facet normal  6.087614e-01  0.000000e+00 -7.933533e-01
   outer loop
     vertex  5.777500e+00 -1.710000e+01  1.601029e+00
     vertex  5.786820e+00 -1.790000e+01  1.608180e+00
     vertex  5.777500e+00 -1.790000e+01  1.601029e+00
   endloop
 endfacet
 facet normal  6.087614e-01  0.000000e+00 -7.933533e-01
   outer loop
     vertex  5.777500e+00 -1.710000e+01  1.601029e+00
     vertex  5.786820e+00 -1.710000e+01  1.608180e+00
     vertex  5.786820e+00 -1.790000e+01  1.608180e+00
   endloop
 endfacet
 facet normal  3.826834e-01  0.000000e+00 -9.238795e-01
   outer loop
     vertex  5.766647e+00 -1.710000e+01  1.596533e+00
     vertex  5.777500e+00 -1.790000e+01  1.601029e+00
     vertex  5.766647e+00 -1.790000e+01  1.596533e+00
   endloop
 endfacet
 facet normal  3.826834e-01  0.000000e+00 -9.238795e-01
   outer loop
     vertex  5.766647e+00 -1.710000e+01  1.596533e+00
     vertex  5.777500e+00 -1.710000e+01  1.601029e+00
     vertex  5.777500e+00 -1.790000e+01  1.601029e+00
   endloop
 endfacet
 facet normal  1.305262e-01  0.000000e+00 -9.914449e-01
   outer loop
     vertex  5.755000e+00 -1.710000e+01  1.595000e+00
     vertex  5.766647e+00 -1.790000e+01  1.596533e+00
     vertex  5.755000e+00 -1.790000e+01  1.595000e+00
   endloop
 endfacet
 facet normal  1.305262e-01  0.000000e+00 -9.914449e-01
   outer loop
     vertex  5.755000e+00 -1.710000e+01  1.595000e+00
     vertex  5.766647e+00 -1.710000e+01  1.596533e+00
     vertex  5.766647e+00 -1.790000e+01  1.596533e+00
   endloop
 endfacet
 facet normal  1.000000e+00  0.000000e+00  0.000000e+00
   outer loop
     vertex  5.800000e+00 -1.790000e+01  2.000000e+00
     vertex  5.800000e+00 -1.790000e+01  1.640000e+00
     vertex  5.800000e+00 -1.710000e+01  1.640000e+00
   endloop
 endfacet
 facet normal  1.000000e+00 -0.000000e+00  0.000000e+00
   outer loop
     vertex  5.800000e+00 -1.790000e+01  2.000000e+00
     vertex  5.800000e+00 -1.710000e+01  1.640000e+00
     vertex  5.800000e+00 -1.710000e+01  2.000000e+00
   endloop
 endfacet
 facet normal  1.305262e-01  0.000000e+00  9.914449e-01
   outer loop
     vertex  5.766647e+00 -1.710000e+01  2.043467e+00
     vertex  5.755000e+00 -1.710000e+01  2.045000e+00
     vertex  5.755000e+00 -1.790000e+01  2.045000e+00
   endloop
 endfacet
 facet normal  1.305262e-01  0.000000e+00  9.914449e-01
   outer loop
     vertex  5.766647e+00 -1.710000e+01  2.043467e+00
     vertex  5.755000e+00 -1.790000e+01  2.045000e+00
     vertex  5.766647e+00 -1.790000e+01  2.043467e+00
   endloop
 endfacet
 facet normal  3.826834e-01  0.000000e+00  9.238795e-01
   outer loop
     vertex  5.777500e+00 -1.710000e+01  2.038971e+00
     vertex  5.766647e+00 -1.790000e+01  2.043467e+00
     vertex  5.777500e+00 -1.790000e+01  2.038971e+00
   endloop
 endfacet
 facet normal  3.826834e-01  0.000000e+00  9.238795e-01
   outer loop
     vertex  5.777500e+00 -1.710000e+01  2.038971e+00
     vertex  5.766647e+00 -1.710000e+01  2.043467e+00
     vertex  5.766647e+00 -1.790000e+01  2.043467e+00
   endloop
 endfacet
 facet normal  6.087614e-01  0.000000e+00  7.933533e-01
   outer loop
     vertex  5.786820e+00 -1.710000e+01  2.031820e+00
     vertex  5.777500e+00 -1.790000e+01  2.038971e+00
     vertex  5.786820e+00 -1.790000e+01  2.031820e+00
   endloop
 endfacet
 facet normal  6.087614e-01  0.000000e+00  7.933533e-01
   outer loop
     vertex  5.786820e+00 -1.710000e+01  2.031820e+00
     vertex  5.777500e+00 -1.710000e+01  2.038971e+00
     vertex  5.777500e+00 -1.790000e+01  2.038971e+00
   endloop
 endfacet
 facet normal  7.933533e-01  0.000000e+00  6.087614e-01
   outer loop
     vertex  5.793971e+00 -1.710000e+01  2.022500e+00
     vertex  5.786820e+00 -1.790000e+01  2.031820e+00
     vertex  5.793971e+00 -1.790000e+01  2.022500e+00
   endloop
 endfacet
 facet normal  7.933533e-01  0.000000e+00  6.087614e-01
   outer loop
     vertex  5.793971e+00 -1.710000e+01  2.022500e+00
     vertex  5.786820e+00 -1.710000e+01  2.031820e+00
     vertex  5.786820e+00 -1.790000e+01  2.031820e+00
   endloop
 endfacet
 facet normal  9.238795e-01  0.000000e+00  3.826834e-01
   outer loop
     vertex  5.798467e+00 -1.710000e+01  2.011647e+00
     vertex  5.793971e+00 -1.790000e+01  2.022500e+00
     vertex  5.798467e+00 -1.790000e+01  2.011647e+00
   endloop
 endfacet
 facet normal  9.238795e-01  0.000000e+00  3.826834e-01
   outer loop
     vertex  5.798467e+00 -1.710000e+01  2.011647e+00
     vertex  5.793971e+00 -1.710000e+01  2.022500e+00
     vertex  5.793971e+00 -1.790000e+01  2.022500e+00
   endloop
 endfacet
 facet normal  9.914449e-01  0.000000e+00  1.305262e-01
   outer loop
     vertex  5.800000e+00 -1.710000e+01  2.000000e+00
     vertex  5.798467e+00 -1.790000e+01  2.011647e+00
     vertex  5.800000e+00 -1.790000e+01  2.000000e+00
   endloop
 endfacet
 facet normal  9.914449e-01  0.000000e+00  1.305262e-01
   outer loop
     vertex  5.800000e+00 -1.710000e+01  2.000000e+00
     vertex  5.798467e+00 -1.710000e+01  2.011647e+00
     vertex  5.798467e+00 -1.790000e+01  2.011647e+00
   endloop
 endfacet
 facet normal  0.000000e+00  0.000000e+00  1.000000e+00
   outer loop
     vertex  5.755000e+00 -1.710000e+01  2.045000e+00
     vertex  5.545000e+00 -1.710000e+01  2.045000e+00
     vertex  5.545000e+00 -1.790000e+01  2.045000e+00
   endloop
 endfacet
 facet normal  0.000000e+00  0.000000e+00  1.000000e+00
   outer loop
     vertex  5.755000e+00 -1.710000e+01  2.045000e+00
     vertex  5.545000e+00 -1.790000e+01  2.045000e+00
     vertex  5.755000e+00 -1.790000e+01  2.045000e+00
   endloop
 endfacet
 facet normal -9.914449e-01  0.000000e+00  1.305262e-01
   outer loop
     vertex  5.501533e+00 -1.710000e+01  2.011647e+00
     vertex  5.500000e+00 -1.790000e+01  2.000000e+00
     vertex  5.501533e+00 -1.790000e+01  2.011647e+00
   endloop
 endfacet
 facet normal -9.914449e-01  0.000000e+00  1.305262e-01
   outer loop
     vertex  5.501533e+00 -1.710000e+01  2.011647e+00
     vertex  5.500000e+00 -1.710000e+01  2.000000e+00
     vertex  5.500000e+00 -1.790000e+01  2.000000e+00
   endloop
 endfacet
 facet normal -9.238795e-01  0.000000e+00  3.826834e-01
   outer loop
     vertex  5.506029e+00 -1.710000e+01  2.022500e+00
     vertex  5.501533e+00 -1.790000e+01  2.011647e+00
     vertex  5.506029e+00 -1.790000e+01  2.022500e+00
   endloop
 endfacet
 facet normal -9.238795e-01  0.000000e+00  3.826834e-01
   outer loop
     vertex  5.506029e+00 -1.710000e+01  2.022500e+00
     vertex  5.501533e+00 -1.710000e+01  2.011647e+00
     vertex  5.501533e+00 -1.790000e+01  2.011647e+00
   endloop
 endfacet
 facet normal -7.933533e-01  0.000000e+00  6.087614e-01
   outer loop
     vertex  5.513180e+00 -1.710000e+01  2.031820e+00
     vertex  5.506029e+00 -1.790000e+01  2.022500e+00
     vertex  5.513180e+00 -1.790000e+01  2.031820e+00
   endloop
 endfacet
 facet normal -7.933533e-01  0.000000e+00  6.087614e-01
   outer loop
     vertex  5.513180e+00 -1.710000e+01  2.031820e+00
     vertex  5.506029e+00 -1.710000e+01  2.022500e+00
     vertex  5.506029e+00 -1.790000e+01  2.022500e+00
   endloop
 endfacet
 facet normal -6.087614e-01  0.000000e+00  7.933533e-01
   outer loop
     vertex  5.522500e+00 -1.710000e+01  2.038971e+00
     vertex  5.513180e+00 -1.790000e+01  2.031820e+00
     vertex  5.522500e+00 -1.790000e+01  2.038971e+00
   endloop
 endfacet
 facet normal -6.087614e-01  0.000000e+00  7.933533e-01
   outer loop
     vertex  5.522500e+00 -1.710000e+01  2.038971e+00
     vertex  5.513180e+00 -1.710000e+01  2.031820e+00
     vertex  5.513180e+00 -1.790000e+01  2.031820e+00
   endloop
 endfacet
 facet normal -3.826834e-01  0.000000e+00  9.238795e-01
   outer loop
     vertex  5.533353e+00 -1.710000e+01  2.043467e+00
     vertex  5.522500e+00 -1.790000e+01  2.038971e+00
     vertex  5.533353e+00 -1.790000e+01  2.043467e+00
   endloop
 endfacet
 facet normal -3.826834e-01  0.000000e+00  9.238795e-01
   outer loop
     vertex  5.533353e+00 -1.710000e+01  2.043467e+00
     vertex  5.522500e+00 -1.710000e+01  2.038971e+00
     vertex  5.522500e+00 -1.790000e+01  2.038971e+00
   endloop
 endfacet
 facet normal -1.305262e-01  0.000000e+00  9.914449e-01
   outer loop
     vertex  5.545000e+00 -1.710000e+01  2.045000e+00
     vertex  5.533353e+00 -1.790000e+01  2.043467e+00
     vertex  5.545000e+00 -1.790000e+01  2.045000e+00
   endloop
 endfacet
 facet normal -1.305262e-01  0.000000e+00  9.914449e-01
   outer loop
     vertex  5.545000e+00 -1.710000e+01  2.045000e+00
     vertex  5.533353e+00 -1.710000e+01  2.043467e+00
     vertex  5.533353e+00 -1.790000e+01  2.043467e+00
   endloop
 endfacet
 facet normal  1.000000e+00  0.000000e+00  0.000000e+00
   outer loop
     vertex  5.500000e+00 -1.790000e+01  2.045000e+00
     vertex  5.500000e+00 -1.790000e+01  2.000000e+00
     vertex  5.500000e+00 -1.710000e+01  2.000000e+00
   endloop
 endfacet
 facet normal  1.000000e+00 -0.000000e+00  0.000000e+00
   outer loop
     vertex  5.500000e+00 -1.790000e+01  2.045000e+00
     vertex  5.500000e+00 -1.710000e+01  2.000000e+00
     vertex  5.500000e+00 -1.710000e+01  2.045000e+00
   endloop
 endfacet
 facet normal  0.000000e+00  0.000000e+00  1.000000e+00
   outer loop
     vertex  5.500000e+00 -1.710000e+01  2.045000e+00
     vertex  4.500000e+00 -1.710000e+01  2.045000e+00
     vertex  4.500000e+00 -1.790000e+01  2.045000e+00
   endloop
 endfacet
 facet normal  0.000000e+00  0.000000e+00  1.000000e+00
   outer loop
     vertex  5.500000e+00 -1.710000e+01  2.045000e+00
     vertex  4.500000e+00 -1.790000e+01  2.045000e+00
     vertex  5.500000e+00 -1.790000e+01  2.045000e+00
   endloop
 endfacet
 facet normal -1.000000e+00  0.000000e+00  0.000000e+00
   outer loop
     vertex  1.620000e+01 -1.713000e+01  1.595000e+00
     vertex  1.620000e+01 -1.710000e+01  1.625000e+00
     vertex  1.620000e+01 -1.710228e+01  1.613519e+00
   endloop
 endfacet
 facet normal -1.000000e+00  0.000000e+00  0.000000e+00
   outer loop
     vertex  1.620000e+01 -1.713000e+01  1.595000e+00
     vertex  1.620000e+01 -1.710228e+01  1.613519e+00
     vertex  1.620000e+01 -1.710879e+01  1.603787e+00
   endloop
 endfacet
 facet normal -1.000000e+00  0.000000e+00  0.000000e+00
   outer loop
     vertex  1.620000e+01 -1.713000e+01  1.595000e+00
     vertex  1.620000e+01 -1.710879e+01  1.603787e+00
     vertex  1.620000e+01 -1.711852e+01  1.597284e+00
   endloop
 endfacet
 facet normal -1.000000e+00  0.000000e+00  0.000000e+00
   outer loop
     vertex  1.620000e+01 -1.711852e+01  2.392716e+00
     vertex  1.620000e+01 -1.710879e+01  2.386213e+00
     vertex  1.620000e+01 -1.710228e+01  2.376481e+00
   endloop
 endfacet
 facet normal -1.000000e+00  0.000000e+00  0.000000e+00
   outer loop
     vertex  1.620000e+01 -1.713000e+01  2.395000e+00
     vertex  1.620000e+01 -1.710000e+01  2.365000e+00
     vertex  1.620000e+01 -1.710000e+01  1.625000e+00
   endloop
 endfacet
 facet normal -1.000000e+00  0.000000e+00  0.000000e+00
   outer loop
     vertex  1.620000e+01 -1.713000e+01  2.395000e+00
     vertex  1.620000e+01 -1.710228e+01  2.376481e+00
     vertex  1.620000e+01 -1.710000e+01  2.365000e+00
   endloop
 endfacet
 facet normal -1.000000e+00  0.000000e+00  0.000000e+00
   outer loop
     vertex  1.620000e+01 -1.713000e+01  2.395000e+00
     vertex  1.620000e+01 -1.710000e+01  1.625000e+00
     vertex  1.620000e+01 -1.713000e+01  1.595000e+00
   endloop
 endfacet
 facet normal -1.000000e+00  0.000000e+00  0.000000e+00
   outer loop
     vertex  1.620000e+01 -1.713000e+01  2.395000e+00
     vertex  1.620000e+01 -1.711852e+01  2.392716e+00
     vertex  1.620000e+01 -1.710228e+01  2.376481e+00
   endloop
 endfacet
 facet normal -1.000000e+00  0.000000e+00  0.000000e+00
   outer loop
     vertex  1.620000e+01 -1.790000e+01  1.625000e+00
     vertex  1.620000e+01 -1.789121e+01  1.603787e+00
     vertex  1.620000e+01 -1.789772e+01  1.613519e+00
   endloop
 endfacet
 facet normal -1.000000e+00  0.000000e+00  0.000000e+00
   outer loop
     vertex  1.620000e+01 -1.790000e+01  1.625000e+00
     vertex  1.620000e+01 -1.788148e+01  1.597284e+00
     vertex  1.620000e+01 -1.789121e+01  1.603787e+00
   endloop
 endfacet
 facet normal -1.000000e+00  0.000000e+00  0.000000e+00
   outer loop
     vertex  1.620000e+01 -1.790000e+01  1.625000e+00
     vertex  1.620000e+01 -1.787000e+01  1.595000e+00
     vertex  1.620000e+01 -1.788148e+01  1.597284e+00
   endloop
 endfacet
 facet normal -1.000000e+00  0.000000e+00  0.000000e+00
   outer loop
     vertex  1.620000e+01 -1.790000e+01  2.365000e+00
     vertex  1.620000e+01 -1.713000e+01  1.595000e+00
     vertex  1.620000e+01 -1.787000e+01  1.595000e+00
   endloop
 endfacet
 facet normal -1.000000e+00  0.000000e+00  0.000000e+00
   outer loop
     vertex  1.620000e+01 -1.790000e+01  2.365000e+00
     vertex  1.620000e+01 -1.787000e+01  2.395000e+00
     vertex  1.620000e+01 -1.713000e+01  2.395000e+00
   endloop
 endfacet
 facet normal -1.000000e+00  0.000000e+00  0.000000e+00
   outer loop
     vertex  1.620000e+01 -1.790000e+01  2.365000e+00
     vertex  1.620000e+01 -1.713000e+01  2.395000e+00
     vertex  1.620000e+01 -1.713000e+01  1.595000e+00
   endloop
 endfacet
 facet normal -1.000000e+00  0.000000e+00  0.000000e+00
   outer loop
     vertex  1.620000e+01 -1.790000e+01  2.365000e+00
     vertex  1.620000e+01 -1.787000e+01  1.595000e+00
     vertex  1.620000e+01 -1.790000e+01  1.625000e+00
   endloop
 endfacet
 facet normal -1.000000e+00  0.000000e+00  0.000000e+00
   outer loop
     vertex  1.620000e+01 -1.789121e+01  2.386213e+00
     vertex  1.620000e+01 -1.790000e+01  2.365000e+00
     vertex  1.620000e+01 -1.789772e+01  2.376481e+00
   endloop
 endfacet
 facet normal -1.000000e+00  0.000000e+00  0.000000e+00
   outer loop
     vertex  1.620000e+01 -1.789121e+01  2.386213e+00
     vertex  1.620000e+01 -1.788148e+01  2.392716e+00
     vertex  1.620000e+01 -1.787000e+01  2.395000e+00
   endloop
 endfacet
 facet normal -1.000000e+00  0.000000e+00 -0.000000e+00
   outer loop
     vertex  1.620000e+01 -1.789121e+01  2.386213e+00
     vertex  1.620000e+01 -1.787000e+01  2.395000e+00
     vertex  1.620000e+01 -1.790000e+01  2.365000e+00
   endloop
 endfacet
 facet normal  0.000000e+00 -1.000000e+00 -0.000000e+00
   outer loop
     vertex  1.650000e+01 -1.790000e+01  2.365000e+00
     vertex  1.620000e+01 -1.790000e+01  1.625000e+00
     vertex  1.650000e+01 -1.790000e+01  1.625000e+00
   endloop
 endfacet
 facet normal -0.000000e+00 -1.000000e+00  0.000000e+00
   outer loop
     vertex  1.650000e+01 -1.790000e+01  2.365000e+00
     vertex  1.620000e+01 -1.790000e+01  2.365000e+00
     vertex  1.620000e+01 -1.790000e+01  1.625000e+00
   endloop
 endfacet
 facet normal -0.000000e+00 -9.807853e-01 -1.950903e-01
   outer loop
     vertex  1.650000e+01 -1.789772e+01  1.613519e+00
     vertex  1.620000e+01 -1.790000e+01  1.625000e+00
     vertex  1.620000e+01 -1.789772e+01  1.613519e+00
   endloop
 endfacet
 facet normal  0.000000e+00 -9.807853e-01 -1.950903e-01
   outer loop
     vertex  1.650000e+01 -1.789772e+01  1.613519e+00
     vertex  1.650000e+01 -1.790000e+01  1.625000e+00
     vertex  1.620000e+01 -1.790000e+01  1.625000e+00
   endloop
 endfacet
 facet normal -0.000000e+00 -8.314696e-01 -5.555702e-01
   outer loop
     vertex  1.650000e+01 -1.789121e+01  1.603787e+00
     vertex  1.620000e+01 -1.789772e+01  1.613519e+00
     vertex  1.620000e+01 -1.789121e+01  1.603787e+00
   endloop
 endfacet
 facet normal  0.000000e+00 -8.314696e-01 -5.555702e-01
   outer loop
     vertex  1.650000e+01 -1.789121e+01  1.603787e+00
     vertex  1.650000e+01 -1.789772e+01  1.613519e+00
     vertex  1.620000e+01 -1.789772e+01  1.613519e+00
   endloop
 endfacet
 facet normal -0.000000e+00 -5.555702e-01 -8.314696e-01
   outer loop
     vertex  1.650000e+01 -1.788148e+01  1.597284e+00
     vertex  1.620000e+01 -1.789121e+01  1.603787e+00
     vertex  1.620000e+01 -1.788148e+01  1.597284e+00
   endloop
 endfacet
 facet normal  0.000000e+00 -5.555702e-01 -8.314696e-01
   outer loop
     vertex  1.650000e+01 -1.788148e+01  1.597284e+00
     vertex  1.650000e+01 -1.789121e+01  1.603787e+00
     vertex  1.620000e+01 -1.789121e+01  1.603787e+00
   endloop
 endfacet
 facet normal -0.000000e+00 -1.950903e-01 -9.807853e-01
   outer loop
     vertex  1.650000e+01 -1.787000e+01  1.595000e+00
     vertex  1.620000e+01 -1.788148e+01  1.597284e+00
     vertex  1.620000e+01 -1.787000e+01  1.595000e+00
   endloop
 endfacet
 facet normal  0.000000e+00 -1.950903e-01 -9.807853e-01
   outer loop
     vertex  1.650000e+01 -1.787000e+01  1.595000e+00
     vertex  1.650000e+01 -1.788148e+01  1.597284e+00
     vertex  1.620000e+01 -1.788148e+01  1.597284e+00
   endloop
 endfacet
 facet normal  0.000000e+00 -1.950903e-01  9.807853e-01
   outer loop
     vertex  1.650000e+01 -1.788148e+01  2.392716e+00
     vertex  1.650000e+01 -1.787000e+01  2.395000e+00
     vertex  1.620000e+01 -1.787000e+01  2.395000e+00
   endloop
 endfacet
 facet normal  0.000000e+00 -1.950903e-01  9.807853e-01
   outer loop
     vertex  1.650000e+01 -1.788148e+01  2.392716e+00
     vertex  1.620000e+01 -1.787000e+01  2.395000e+00
     vertex  1.620000e+01 -1.788148e+01  2.392716e+00
   endloop
 endfacet
 facet normal  0.000000e+00 -5.555702e-01  8.314696e-01
   outer loop
     vertex  1.650000e+01 -1.789121e+01  2.386213e+00
     vertex  1.620000e+01 -1.788148e+01  2.392716e+00
     vertex  1.620000e+01 -1.789121e+01  2.386213e+00
   endloop
 endfacet
 facet normal  0.000000e+00 -5.555702e-01  8.314696e-01
   outer loop
     vertex  1.650000e+01 -1.789121e+01  2.386213e+00
     vertex  1.650000e+01 -1.788148e+01  2.392716e+00
     vertex  1.620000e+01 -1.788148e+01  2.392716e+00
   endloop
 endfacet
 facet normal  0.000000e+00 -8.314696e-01  5.555702e-01
   outer loop
     vertex  1.650000e+01 -1.789772e+01  2.376481e+00
     vertex  1.620000e+01 -1.789121e+01  2.386213e+00
     vertex  1.620000e+01 -1.789772e+01  2.376481e+00
   endloop
 endfacet
 facet normal  0.000000e+00 -8.314696e-01  5.555702e-01
   outer loop
     vertex  1.650000e+01 -1.789772e+01  2.376481e+00
     vertex  1.650000e+01 -1.789121e+01  2.386213e+00
     vertex  1.620000e+01 -1.789121e+01  2.386213e+00
   endloop
 endfacet
 facet normal  0.000000e+00 -9.807853e-01  1.950903e-01
   outer loop
     vertex  1.650000e+01 -1.790000e+01  2.365000e+00
     vertex  1.620000e+01 -1.789772e+01  2.376481e+00
     vertex  1.620000e+01 -1.790000e+01  2.365000e+00
   endloop
 endfacet
 facet normal  0.000000e+00 -9.807853e-01  1.950903e-01
   outer loop
     vertex  1.650000e+01 -1.790000e+01  2.365000e+00
     vertex  1.650000e+01 -1.789772e+01  2.376481e+00
     vertex  1.620000e+01 -1.789772e+01  2.376481e+00
   endloop
 endfacet
 facet normal -0.000000e+00  0.000000e+00 -1.000000e+00
   outer loop
     vertex  1.650000e+01 -1.713000e+01  1.595000e+00
     vertex  1.620000e+01 -1.787000e+01  1.595000e+00
     vertex  1.620000e+01 -1.713000e+01  1.595000e+00
   endloop
 endfacet
 facet normal  0.000000e+00 -0.000000e+00 -1.000000e+00
   outer loop
     vertex  1.650000e+01 -1.713000e+01  1.595000e+00
     vertex  1.650000e+01 -1.787000e+01  1.595000e+00
     vertex  1.620000e+01 -1.787000e+01  1.595000e+00
   endloop
 endfacet
 facet normal  0.000000e+00  0.000000e+00  1.000000e+00
   outer loop
     vertex  1.650000e+01 -1.713000e+01  2.395000e+00
     vertex  1.620000e+01 -1.713000e+01  2.395000e+00
     vertex  1.620000e+01 -1.787000e+01  2.395000e+00
   endloop
 endfacet
 facet normal  0.000000e+00  0.000000e+00  1.000000e+00
   outer loop
     vertex  1.650000e+01 -1.713000e+01  2.395000e+00
     vertex  1.620000e+01 -1.787000e+01  2.395000e+00
     vertex  1.650000e+01 -1.787000e+01  2.395000e+00
   endloop
 endfacet
 facet normal  0.000000e+00  1.950903e-01 -9.807853e-01
   outer loop
     vertex  1.650000e+01 -1.711852e+01  1.597284e+00
     vertex  1.650000e+01 -1.713000e+01  1.595000e+00
     vertex  1.620000e+01 -1.713000e+01  1.595000e+00
   endloop
 endfacet
 facet normal  0.000000e+00  1.950903e-01 -9.807853e-01
   outer loop
     vertex  1.650000e+01 -1.711852e+01  1.597284e+00
     vertex  1.620000e+01 -1.713000e+01  1.595000e+00
     vertex  1.620000e+01 -1.711852e+01  1.597284e+00
   endloop
 endfacet
 facet normal  0.000000e+00  5.555702e-01 -8.314696e-01
   outer loop
     vertex  1.650000e+01 -1.710879e+01  1.603787e+00
     vertex  1.620000e+01 -1.711852e+01  1.597284e+00
     vertex  1.620000e+01 -1.710879e+01  1.603787e+00
   endloop
 endfacet
 facet normal  0.000000e+00  5.555702e-01 -8.314696e-01
   outer loop
     vertex  1.650000e+01 -1.710879e+01  1.603787e+00
     vertex  1.650000e+01 -1.711852e+01  1.597284e+00
     vertex  1.620000e+01 -1.711852e+01  1.597284e+00
   endloop
 endfacet
 facet normal  0.000000e+00  8.314696e-01 -5.555702e-01
   outer loop
     vertex  1.650000e+01 -1.710228e+01  1.613519e+00
     vertex  1.620000e+01 -1.710879e+01  1.603787e+00
     vertex  1.620000e+01 -1.710228e+01  1.613519e+00
   endloop
 endfacet
 facet normal  0.000000e+00  8.314696e-01 -5.555702e-01
   outer loop
     vertex  1.650000e+01 -1.710228e+01  1.613519e+00
     vertex  1.650000e+01 -1.710879e+01  1.603787e+00
     vertex  1.620000e+01 -1.710879e+01  1.603787e+00
   endloop
 endfacet
 facet normal  0.000000e+00  9.807853e-01 -1.950903e-01
   outer loop
     vertex  1.650000e+01 -1.710000e+01  1.625000e+00
     vertex  1.620000e+01 -1.710228e+01  1.613519e+00
     vertex  1.620000e+01 -1.710000e+01  1.625000e+00
   endloop
 endfacet
 facet normal  0.000000e+00  9.807853e-01 -1.950903e-01
   outer loop
     vertex  1.650000e+01 -1.710000e+01  1.625000e+00
     vertex  1.650000e+01 -1.710228e+01  1.613519e+00
     vertex  1.620000e+01 -1.710228e+01  1.613519e+00
   endloop
 endfacet
 facet normal  0.000000e+00  9.807853e-01  1.950903e-01
   outer loop
     vertex  1.650000e+01 -1.710228e+01  2.376481e+00
     vertex  1.620000e+01 -1.710000e+01  2.365000e+00
     vertex  1.620000e+01 -1.710228e+01  2.376481e+00
   endloop
 endfacet
 facet normal  0.000000e+00  9.807853e-01  1.950903e-01
   outer loop
     vertex  1.650000e+01 -1.710228e+01  2.376481e+00
     vertex  1.650000e+01 -1.710000e+01  2.365000e+00
     vertex  1.620000e+01 -1.710000e+01  2.365000e+00
   endloop
 endfacet
 facet normal  0.000000e+00  8.314696e-01  5.555702e-01
   outer loop
     vertex  1.650000e+01 -1.710879e+01  2.386213e+00
     vertex  1.620000e+01 -1.710228e+01  2.376481e+00
     vertex  1.620000e+01 -1.710879e+01  2.386213e+00
   endloop
 endfacet
 facet normal  0.000000e+00  8.314696e-01  5.555702e-01
   outer loop
     vertex  1.650000e+01 -1.710879e+01  2.386213e+00
     vertex  1.650000e+01 -1.710228e+01  2.376481e+00
     vertex  1.620000e+01 -1.710228e+01  2.376481e+00
   endloop
 endfacet
 facet normal  0.000000e+00  5.555702e-01  8.314696e-01
   outer loop
     vertex  1.650000e+01 -1.711852e+01  2.392716e+00
     vertex  1.620000e+01 -1.710879e+01  2.386213e+00
     vertex  1.620000e+01 -1.711852e+01  2.392716e+00
   endloop
 endfacet
 facet normal  0.000000e+00  5.555702e-01  8.314696e-01
   outer loop
     vertex  1.650000e+01 -1.711852e+01  2.392716e+00
     vertex  1.650000e+01 -1.710879e+01  2.386213e+00
     vertex  1.620000e+01 -1.710879e+01  2.386213e+00
   endloop
 endfacet
 facet normal  0.000000e+00  1.950903e-01  9.807853e-01
   outer loop
     vertex  1.650000e+01 -1.713000e+01  2.395000e+00
     vertex  1.620000e+01 -1.711852e+01  2.392716e+00
     vertex  1.620000e+01 -1.713000e+01  2.395000e+00
   endloop
 endfacet
 facet normal  0.000000e+00  1.950903e-01  9.807853e-01
   outer loop
     vertex  1.650000e+01 -1.713000e+01  2.395000e+00
     vertex  1.650000e+01 -1.711852e+01  2.392716e+00
     vertex  1.620000e+01 -1.711852e+01  2.392716e+00
   endloop
 endfacet
 facet normal  0.000000e+00  1.000000e+00  0.000000e+00
   outer loop
     vertex  1.650000e+01 -1.710000e+01  2.365000e+00
     vertex  1.650000e+01 -1.710000e+01  1.625000e+00
     vertex  1.620000e+01 -1.710000e+01  1.625000e+00
   endloop
 endfacet
 facet normal  0.000000e+00  1.000000e+00  0.000000e+00
   outer loop
     vertex  1.650000e+01 -1.710000e+01  2.365000e+00
     vertex  1.620000e+01 -1.710000e+01  1.625000e+00
     vertex  1.620000e+01 -1.710000e+01  2.365000e+00
   endloop
 endfacet
 facet normal  1.000000e+00  0.000000e+00  0.000000e+00
   outer loop
     vertex  1.650000e+01 -1.713879e+01  1.633787e+00
     vertex  1.650000e+01 -1.710228e+01  1.613519e+00
     vertex  1.650000e+01 -1.710000e+01  1.625000e+00
   endloop
 endfacet
 facet normal  1.000000e+00  0.000000e+00  0.000000e+00
   outer loop
     vertex  1.650000e+01 -1.713879e+01  1.633787e+00
     vertex  1.650000e+01 -1.710879e+01  1.603787e+00
     vertex  1.650000e+01 -1.710228e+01  1.613519e+00
   endloop
 endfacet
 facet normal  1.000000e+00  0.000000e+00  0.000000e+00
   outer loop
     vertex  1.650000e+01 -1.713879e+01  1.633787e+00
     vertex  1.650000e+01 -1.711852e+01  1.597284e+00
     vertex  1.650000e+01 -1.710879e+01  1.603787e+00
   endloop
 endfacet
 facet normal  1.000000e+00  0.000000e+00  0.000000e+00
   outer loop
     vertex  1.650000e+01 -1.713879e+01  1.633787e+00
     vertex  1.650000e+01 -1.713000e+01  1.595000e+00
     vertex  1.650000e+01 -1.711852e+01  1.597284e+00
   endloop
 endfacet
 facet normal  1.000000e+00  0.000000e+00  0.000000e+00
   outer loop
     vertex  1.650000e+01 -1.713228e+01  1.643519e+00
     vertex  1.650000e+01 -1.713879e+01  1.633787e+00
     vertex  1.650000e+01 -1.710000e+01  1.625000e+00
   endloop
 endfacet
 facet normal  1.000000e+00 -0.000000e+00  0.000000e+00
   outer loop
     vertex  1.650000e+01 -1.714852e+01  1.627284e+00
     vertex  1.650000e+01 -1.713000e+01  1.595000e+00
     vertex  1.650000e+01 -1.713879e+01  1.633787e+00
   endloop
 endfacet
 facet normal  1.000000e+00  0.000000e+00  0.000000e+00
   outer loop
     vertex  1.650000e+01 -1.713000e+01  1.655000e+00
     vertex  1.650000e+01 -1.713228e+01  1.643519e+00
     vertex  1.650000e+01 -1.710000e+01  1.625000e+00
   endloop
 endfacet
 facet normal  1.000000e+00 -0.000000e+00  0.000000e+00
   outer loop
     vertex  1.650000e+01 -1.716000e+01  1.625000e+00
     vertex  1.650000e+01 -1.713000e+01  1.595000e+00
     vertex  1.650000e+01 -1.714852e+01  1.627284e+00
   endloop
 endfacet
 facet normal  1.000000e+00 -0.000000e+00  0.000000e+00
   outer loop
     vertex  1.650000e+01 -1.713000e+01  2.335000e+00
     vertex  1.650000e+01 -1.710000e+01  1.625000e+00
     vertex  1.650000e+01 -1.710000e+01  2.365000e+00
   endloop
 endfacet
 facet normal  1.000000e+00  0.000000e+00  0.000000e+00
   outer loop
     vertex  1.650000e+01 -1.713000e+01  2.335000e+00
     vertex  1.650000e+01 -1.713000e+01  1.655000e+00
     vertex  1.650000e+01 -1.710000e+01  1.625000e+00
   endloop
 endfacet
 facet normal  1.000000e+00  0.000000e+00  0.000000e+00
   outer loop
     vertex  1.650000e+01 -1.784000e+01  1.625000e+00
     vertex  1.650000e+01 -1.787000e+01  1.595000e+00
     vertex  1.650000e+01 -1.713000e+01  1.595000e+00
   endloop
 endfacet
 facet normal  1.000000e+00 -0.000000e+00  0.000000e+00
   outer loop
     vertex  1.650000e+01 -1.784000e+01  1.625000e+00
     vertex  1.650000e+01 -1.713000e+01  1.595000e+00
     vertex  1.650000e+01 -1.716000e+01  1.625000e+00
   endloop
 endfacet
 facet normal  1.000000e+00 -0.000000e+00  0.000000e+00
   outer loop
     vertex  1.650000e+01 -1.713228e+01  2.346481e+00
     vertex  1.650000e+01 -1.713000e+01  2.335000e+00
     vertex  1.650000e+01 -1.710000e+01  2.365000e+00
   endloop
 endfacet
 facet normal  1.000000e+00  0.000000e+00  0.000000e+00
   outer loop
     vertex  1.650000e+01 -1.785148e+01  1.627284e+00
     vertex  1.650000e+01 -1.787000e+01  1.595000e+00
     vertex  1.650000e+01 -1.784000e+01  1.625000e+00
   endloop
 endfacet
 facet normal  1.000000e+00  0.000000e+00  0.000000e+00
   outer loop
     vertex  1.650000e+01 -1.713879e+01  2.356213e+00
     vertex  1.650000e+01 -1.710000e+01  2.365000e+00
     vertex  1.650000e+01 -1.710228e+01  2.376481e+00
   endloop
 endfacet
 facet normal  1.000000e+00 -0.000000e+00  0.000000e+00
   outer loop
     vertex  1.650000e+01 -1.713879e+01  2.356213e+00
     vertex  1.650000e+01 -1.713228e+01  2.346481e+00
     vertex  1.650000e+01 -1.710000e+01  2.365000e+00
   endloop
 endfacet
 facet normal  1.000000e+00  0.000000e+00  0.000000e+00
   outer loop
     vertex  1.650000e+01 -1.710879e+01  2.386213e+00
     vertex  1.650000e+01 -1.713879e+01  2.356213e+00
     vertex  1.650000e+01 -1.710228e+01  2.376481e+00
   endloop
 endfacet
 facet normal  1.000000e+00  0.000000e+00  0.000000e+00
   outer loop
     vertex  1.650000e+01 -1.786121e+01  1.633787e+00
     vertex  1.650000e+01 -1.789121e+01  1.603787e+00
     vertex  1.650000e+01 -1.788148e+01  1.597284e+00
   endloop
 endfacet
 facet normal  1.000000e+00  0.000000e+00  0.000000e+00
   outer loop
     vertex  1.650000e+01 -1.786121e+01  1.633787e+00
     vertex  1.650000e+01 -1.788148e+01  1.597284e+00
     vertex  1.650000e+01 -1.787000e+01  1.595000e+00
   endloop
 endfacet
 facet normal  1.000000e+00  0.000000e+00  0.000000e+00
   outer loop
     vertex  1.650000e+01 -1.786121e+01  1.633787e+00
     vertex  1.650000e+01 -1.787000e+01  1.595000e+00
     vertex  1.650000e+01 -1.785148e+01  1.627284e+00
   endloop
 endfacet
 facet normal  1.000000e+00  0.000000e+00  0.000000e+00
   outer loop
     vertex  1.650000e+01 -1.711852e+01  2.392716e+00
     vertex  1.650000e+01 -1.713879e+01  2.356213e+00
     vertex  1.650000e+01 -1.710879e+01  2.386213e+00
   endloop
 endfacet
 facet normal  1.000000e+00 -0.000000e+00  0.000000e+00
   outer loop
     vertex  1.650000e+01 -1.789772e+01  1.613519e+00
     vertex  1.650000e+01 -1.789121e+01  1.603787e+00
     vertex  1.650000e+01 -1.786121e+01  1.633787e+00
   endloop
 endfacet
 facet normal  1.000000e+00  0.000000e+00  0.000000e+00
   outer loop
     vertex  1.650000e+01 -1.713000e+01  2.395000e+00
     vertex  1.650000e+01 -1.714852e+01  2.362716e+00
     vertex  1.650000e+01 -1.713879e+01  2.356213e+00
   endloop
 endfacet
 facet normal  1.000000e+00  0.000000e+00  0.000000e+00
   outer loop
     vertex  1.650000e+01 -1.713000e+01  2.395000e+00
     vertex  1.650000e+01 -1.713879e+01  2.356213e+00
     vertex  1.650000e+01 -1.711852e+01  2.392716e+00
   endloop
 endfacet
 facet normal  1.000000e+00 -0.000000e+00  0.000000e+00
   outer loop
     vertex  1.650000e+01 -1.716000e+01  2.365000e+00
     vertex  1.650000e+01 -1.714852e+01  2.362716e+00
     vertex  1.650000e+01 -1.713000e+01  2.395000e+00
   endloop
 endfacet
 facet normal  1.000000e+00  0.000000e+00  0.000000e+00
   outer loop
     vertex  1.650000e+01 -1.790000e+01  1.625000e+00
     vertex  1.650000e+01 -1.786772e+01  1.643519e+00
     vertex  1.650000e+01 -1.787000e+01  1.655000e+00
   endloop
 endfacet
 facet normal  1.000000e+00  0.000000e+00  0.000000e+00
   outer loop
     vertex  1.650000e+01 -1.790000e+01  1.625000e+00
     vertex  1.650000e+01 -1.786121e+01  1.633787e+00
     vertex  1.650000e+01 -1.786772e+01  1.643519e+00
   endloop
 endfacet
 facet normal  1.000000e+00 -0.000000e+00  0.000000e+00
   outer loop
     vertex  1.650000e+01 -1.790000e+01  1.625000e+00
     vertex  1.650000e+01 -1.789772e+01  1.613519e+00
     vertex  1.650000e+01 -1.786121e+01  1.633787e+00
   endloop
 endfacet
 facet normal  1.000000e+00  0.000000e+00  0.000000e+00
   outer loop
     vertex  1.650000e+01 -1.787000e+01  2.395000e+00
     vertex  1.650000e+01 -1.786121e+01  2.356213e+00
     vertex  1.650000e+01 -1.785148e+01  2.362716e+00
   endloop
 endfacet
 facet normal  1.000000e+00  0.000000e+00  0.000000e+00
   outer loop
     vertex  1.650000e+01 -1.787000e+01  2.395000e+00
     vertex  1.650000e+01 -1.785148e+01  2.362716e+00
     vertex  1.650000e+01 -1.784000e+01  2.365000e+00
   endloop
 endfacet
 facet normal  1.000000e+00  0.000000e+00  0.000000e+00
   outer loop
     vertex  1.650000e+01 -1.787000e+01  2.395000e+00
     vertex  1.650000e+01 -1.784000e+01  2.365000e+00
     vertex  1.650000e+01 -1.716000e+01  2.365000e+00
   endloop
 endfacet
 facet normal  1.000000e+00 -0.000000e+00  0.000000e+00
   outer loop
     vertex  1.650000e+01 -1.787000e+01  2.395000e+00
     vertex  1.650000e+01 -1.716000e+01  2.365000e+00
     vertex  1.650000e+01 -1.713000e+01  2.395000e+00
   endloop
 endfacet
 facet normal  1.000000e+00  0.000000e+00  0.000000e+00
   outer loop
     vertex  1.650000e+01 -1.790000e+01  2.365000e+00
     vertex  1.650000e+01 -1.787000e+01  2.335000e+00
     vertex  1.650000e+01 -1.786772e+01  2.346481e+00
   endloop
 endfacet
 facet normal  1.000000e+00  0.000000e+00  0.000000e+00
   outer loop
     vertex  1.650000e+01 -1.790000e+01  2.365000e+00
     vertex  1.650000e+01 -1.786772e+01  2.346481e+00
     vertex  1.650000e+01 -1.786121e+01  2.356213e+00
   endloop
 endfacet
 facet normal  1.000000e+00 -0.000000e+00  0.000000e+00
   outer loop
     vertex  1.650000e+01 -1.788148e+01  2.392716e+00
     vertex  1.650000e+01 -1.786121e+01  2.356213e+00
     vertex  1.650000e+01 -1.787000e+01  2.395000e+00
   endloop
 endfacet
 facet normal  1.000000e+00  0.000000e+00  0.000000e+00
   outer loop
     vertex  1.650000e+01 -1.789772e+01  2.376481e+00
     vertex  1.650000e+01 -1.790000e+01  2.365000e+00
     vertex  1.650000e+01 -1.786121e+01  2.356213e+00
   endloop
 endfacet
 facet normal  1.000000e+00 -0.000000e+00  0.000000e+00
   outer loop
     vertex  1.650000e+01 -1.789121e+01  2.386213e+00
     vertex  1.650000e+01 -1.786121e+01  2.356213e+00
     vertex  1.650000e+01 -1.788148e+01  2.392716e+00
   endloop
 endfacet
 facet normal  1.000000e+00  0.000000e+00  0.000000e+00
   outer loop
     vertex  1.650000e+01 -1.789121e+01  2.386213e+00
     vertex  1.650000e+01 -1.789772e+01  2.376481e+00
     vertex  1.650000e+01 -1.786121e+01  2.356213e+00
   endloop
 endfacet
 facet normal  1.000000e+00  0.000000e+00  0.000000e+00
   outer loop
     vertex  1.650000e+01 -1.790000e+01  2.365000e+00
     vertex  1.650000e+01 -1.790000e+01  1.625000e+00
     vertex  1.650000e+01 -1.787000e+01  1.655000e+00
   endloop
 endfacet
 facet normal  1.000000e+00  0.000000e+00  0.000000e+00
   outer loop
     vertex  1.650000e+01 -1.790000e+01  2.365000e+00
     vertex  1.650000e+01 -1.787000e+01  1.655000e+00
     vertex  1.650000e+01 -1.787000e+01  2.335000e+00
   endloop
 endfacet
 facet normal -0.000000e+00 -9.807853e-01 -1.950903e-01
   outer loop
     vertex  1.750000e+01 -1.786772e+01  1.643519e+00
     vertex  1.650000e+01 -1.787000e+01  1.655000e+00
     vertex  1.650000e+01 -1.786772e+01  1.643519e+00
   endloop
 endfacet
 facet normal  0.000000e+00 -9.807853e-01 -1.950903e-01
   outer loop
     vertex  1.750000e+01 -1.786772e+01  1.643519e+00
     vertex  1.750000e+01 -1.787000e+01  1.655000e+00
     vertex  1.650000e+01 -1.787000e+01  1.655000e+00
   endloop
 endfacet
 facet normal -0.000000e+00 -8.314696e-01 -5.555702e-01
   outer loop
     vertex  1.750000e+01 -1.786121e+01  1.633787e+00
     vertex  1.650000e+01 -1.786772e+01  1.643519e+00
     vertex  1.650000e+01 -1.786121e+01  1.633787e+00
   endloop
 endfacet
 facet normal  0.000000e+00 -8.314696e-01 -5.555702e-01
   outer loop
     vertex  1.750000e+01 -1.786121e+01  1.633787e+00
     vertex  1.750000e+01 -1.786772e+01  1.643519e+00
     vertex  1.650000e+01 -1.786772e+01  1.643519e+00
   endloop
 endfacet
 facet normal -0.000000e+00 -5.555702e-01 -8.314696e-01
   outer loop
     vertex  1.750000e+01 -1.785148e+01  1.627284e+00
     vertex  1.650000e+01 -1.786121e+01  1.633787e+00
     vertex  1.650000e+01 -1.785148e+01  1.627284e+00
   endloop
 endfacet
 facet normal  0.000000e+00 -5.555702e-01 -8.314696e-01
   outer loop
     vertex  1.750000e+01 -1.785148e+01  1.627284e+00
     vertex  1.750000e+01 -1.786121e+01  1.633787e+00
     vertex  1.650000e+01 -1.786121e+01  1.633787e+00
   endloop
 endfacet
 facet normal -0.000000e+00 -1.950903e-01 -9.807853e-01
   outer loop
     vertex  1.750000e+01 -1.784000e+01  1.625000e+00
     vertex  1.650000e+01 -1.785148e+01  1.627284e+00
     vertex  1.650000e+01 -1.784000e+01  1.625000e+00
   endloop
 endfacet
 facet normal  0.000000e+00 -1.950903e-01 -9.807853e-01
   outer loop
     vertex  1.750000e+01 -1.784000e+01  1.625000e+00
     vertex  1.750000e+01 -1.785148e+01  1.627284e+00
     vertex  1.650000e+01 -1.785148e+01  1.627284e+00
   endloop
 endfacet
 facet normal -0.000000e+00  0.000000e+00 -1.000000e+00
   outer loop
     vertex  1.750000e+01 -1.716000e+01  1.625000e+00
     vertex  1.650000e+01 -1.784000e+01  1.625000e+00
     vertex  1.650000e+01 -1.716000e+01  1.625000e+00
   endloop
 endfacet
 facet normal  0.000000e+00 -0.000000e+00 -1.000000e+00
   outer loop
     vertex  1.750000e+01 -1.716000e+01  1.625000e+00
     vertex  1.750000e+01 -1.784000e+01  1.625000e+00
     vertex  1.650000e+01 -1.784000e+01  1.625000e+00
   endloop
 endfacet
 facet normal  0.000000e+00  1.950903e-01 -9.807853e-01
   outer loop
     vertex  1.750000e+01 -1.714852e+01  1.627284e+00
     vertex  1.750000e+01 -1.716000e+01  1.625000e+00
     vertex  1.650000e+01 -1.716000e+01  1.625000e+00
   endloop
 endfacet
 facet normal  0.000000e+00  1.950903e-01 -9.807853e-01
   outer loop
     vertex  1.750000e+01 -1.714852e+01  1.627284e+00
     vertex  1.650000e+01 -1.716000e+01  1.625000e+00
     vertex  1.650000e+01 -1.714852e+01  1.627284e+00
   endloop
 endfacet
 facet normal  0.000000e+00  5.555702e-01 -8.314696e-01
   outer loop
     vertex  1.750000e+01 -1.713879e+01  1.633787e+00
     vertex  1.650000e+01 -1.714852e+01  1.627284e+00
     vertex  1.650000e+01 -1.713879e+01  1.633787e+00
   endloop
 endfacet
 facet normal  0.000000e+00  5.555702e-01 -8.314696e-01
   outer loop
     vertex  1.750000e+01 -1.713879e+01  1.633787e+00
     vertex  1.750000e+01 -1.714852e+01  1.627284e+00
     vertex  1.650000e+01 -1.714852e+01  1.627284e+00
   endloop
 endfacet
 facet normal  0.000000e+00  8.314696e-01 -5.555702e-01
   outer loop
     vertex  1.750000e+01 -1.713228e+01  1.643519e+00
     vertex  1.650000e+01 -1.713879e+01  1.633787e+00
     vertex  1.650000e+01 -1.713228e+01  1.643519e+00
   endloop
 endfacet
 facet normal  0.000000e+00  8.314696e-01 -5.555702e-01
   outer loop
     vertex  1.750000e+01 -1.713228e+01  1.643519e+00
     vertex  1.750000e+01 -1.713879e+01  1.633787e+00
     vertex  1.650000e+01 -1.713879e+01  1.633787e+00
   endloop
 endfacet
 facet normal  0.000000e+00  9.807853e-01 -1.950903e-01
   outer loop
     vertex  1.750000e+01 -1.713000e+01  1.655000e+00
     vertex  1.650000e+01 -1.713228e+01  1.643519e+00
     vertex  1.650000e+01 -1.713000e+01  1.655000e+00
   endloop
 endfacet
 facet normal  0.000000e+00  9.807853e-01 -1.950903e-01
   outer loop
     vertex  1.750000e+01 -1.713000e+01  1.655000e+00
     vertex  1.750000e+01 -1.713228e+01  1.643519e+00
     vertex  1.650000e+01 -1.713228e+01  1.643519e+00
   endloop
 endfacet
 facet normal  0.000000e+00  1.000000e+00  0.000000e+00
   outer loop
     vertex  1.750000e+01 -1.713000e+01  2.335000e+00
     vertex  1.750000e+01 -1.713000e+01  1.655000e+00
     vertex  1.650000e+01 -1.713000e+01  1.655000e+00
   endloop
 endfacet
 facet normal  0.000000e+00  1.000000e+00  0.000000e+00
   outer loop
     vertex  1.750000e+01 -1.713000e+01  2.335000e+00
     vertex  1.650000e+01 -1.713000e+01  1.655000e+00
     vertex  1.650000e+01 -1.713000e+01  2.335000e+00
   endloop
 endfacet
 facet normal  0.000000e+00  9.807853e-01  1.950903e-01
   outer loop
     vertex  1.750000e+01 -1.713228e+01  2.346481e+00
     vertex  1.650000e+01 -1.713000e+01  2.335000e+00
     vertex  1.650000e+01 -1.713228e+01  2.346481e+00
   endloop
 endfacet
 facet normal  0.000000e+00  9.807853e-01  1.950903e-01
   outer loop
     vertex  1.750000e+01 -1.713228e+01  2.346481e+00
     vertex  1.750000e+01 -1.713000e+01  2.335000e+00
     vertex  1.650000e+01 -1.713000e+01  2.335000e+00
   endloop
 endfacet
 facet normal  0.000000e+00  8.314696e-01  5.555702e-01
   outer loop
     vertex  1.750000e+01 -1.713879e+01  2.356213e+00
     vertex  1.650000e+01 -1.713228e+01  2.346481e+00
     vertex  1.650000e+01 -1.713879e+01  2.356213e+00
   endloop
 endfacet
 facet normal  0.000000e+00  8.314696e-01  5.555702e-01
   outer loop
     vertex  1.750000e+01 -1.713879e+01  2.356213e+00
     vertex  1.750000e+01 -1.713228e+01  2.346481e+00
     vertex  1.650000e+01 -1.713228e+01  2.346481e+00
   endloop
 endfacet
 facet normal  0.000000e+00  5.555702e-01  8.314696e-01
   outer loop
     vertex  1.750000e+01 -1.714852e+01  2.362716e+00
     vertex  1.650000e+01 -1.713879e+01  2.356213e+00
     vertex  1.650000e+01 -1.714852e+01  2.362716e+00
   endloop
 endfacet
 facet normal  0.000000e+00  5.555702e-01  8.314696e-01
   outer loop
     vertex  1.750000e+01 -1.714852e+01  2.362716e+00
     vertex  1.750000e+01 -1.713879e+01  2.356213e+00
     vertex  1.650000e+01 -1.713879e+01  2.356213e+00
   endloop
 endfacet
 facet normal  0.000000e+00  1.950903e-01  9.807853e-01
   outer loop
     vertex  1.750000e+01 -1.716000e+01  2.365000e+00
     vertex  1.650000e+01 -1.714852e+01  2.362716e+00
     vertex  1.650000e+01 -1.716000e+01  2.365000e+00
   endloop
 endfacet
 facet normal  0.000000e+00  1.950903e-01  9.807853e-01
   outer loop
     vertex  1.750000e+01 -1.716000e+01  2.365000e+00
     vertex  1.750000e+01 -1.714852e+01  2.362716e+00
     vertex  1.650000e+01 -1.714852e+01  2.362716e+00
   endloop
 endfacet
 facet normal  0.000000e+00  0.000000e+00  1.000000e+00
   outer loop
     vertex  1.750000e+01 -1.716000e+01  2.365000e+00
     vertex  1.650000e+01 -1.716000e+01  2.365000e+00
     vertex  1.650000e+01 -1.784000e+01  2.365000e+00
   endloop
 endfacet
 facet normal  0.000000e+00  0.000000e+00  1.000000e+00
   outer loop
     vertex  1.750000e+01 -1.716000e+01  2.365000e+00
     vertex  1.650000e+01 -1.784000e+01  2.365000e+00
     vertex  1.750000e+01 -1.784000e+01  2.365000e+00
   endloop
 endfacet
 facet normal  0.000000e+00 -1.950903e-01  9.807853e-01
   outer loop
     vertex  1.750000e+01 -1.785148e+01  2.362716e+00
     vertex  1.750000e+01 -1.784000e+01  2.365000e+00
     vertex  1.650000e+01 -1.784000e+01  2.365000e+00
   endloop
 endfacet
 facet normal  0.000000e+00 -1.950903e-01  9.807853e-01
   outer loop
     vertex  1.750000e+01 -1.785148e+01  2.362716e+00
     vertex  1.650000e+01 -1.784000e+01  2.365000e+00
     vertex  1.650000e+01 -1.785148e+01  2.362716e+00
   endloop
 endfacet
 facet normal  0.000000e+00 -5.555702e-01  8.314696e-01
   outer loop
     vertex  1.750000e+01 -1.786121e+01  2.356213e+00
     vertex  1.650000e+01 -1.785148e+01  2.362716e+00
     vertex  1.650000e+01 -1.786121e+01  2.356213e+00
   endloop
 endfacet
 facet normal  0.000000e+00 -5.555702e-01  8.314696e-01
   outer loop
     vertex  1.750000e+01 -1.786121e+01  2.356213e+00
     vertex  1.750000e+01 -1.785148e+01  2.362716e+00
     vertex  1.650000e+01 -1.785148e+01  2.362716e+00
   endloop
 endfacet
 facet normal  0.000000e+00 -8.314696e-01  5.555702e-01
   outer loop
     vertex  1.750000e+01 -1.786772e+01  2.346481e+00
     vertex  1.650000e+01 -1.786121e+01  2.356213e+00
     vertex  1.650000e+01 -1.786772e+01  2.346481e+00
   endloop
 endfacet
 facet normal  0.000000e+00 -8.314696e-01  5.555702e-01
   outer loop
     vertex  1.750000e+01 -1.786772e+01  2.346481e+00
     vertex  1.750000e+01 -1.786121e+01  2.356213e+00
     vertex  1.650000e+01 -1.786121e+01  2.356213e+00
   endloop
 endfacet
 facet normal  0.000000e+00 -9.807853e-01  1.950903e-01
   outer loop
     vertex  1.750000e+01 -1.787000e+01  2.335000e+00
     vertex  1.650000e+01 -1.786772e+01  2.346481e+00
     vertex  1.650000e+01 -1.787000e+01  2.335000e+00
   endloop
 endfacet
 facet normal  0.000000e+00 -9.807853e-01  1.950903e-01
   outer loop
     vertex  1.750000e+01 -1.787000e+01  2.335000e+00
     vertex  1.750000e+01 -1.786772e+01  2.346481e+00
     vertex  1.650000e+01 -1.786772e+01  2.346481e+00
   endloop
 endfacet
 facet normal  0.000000e+00 -1.000000e+00 -0.000000e+00
   outer loop
     vertex  1.750000e+01 -1.787000e+01  2.335000e+00
     vertex  1.650000e+01 -1.787000e+01  1.655000e+00
     vertex  1.750000e+01 -1.787000e+01  1.655000e+00
   endloop
 endfacet
 facet normal -0.000000e+00 -1.000000e+00  0.000000e+00
   outer loop
     vertex  1.750000e+01 -1.787000e+01  2.335000e+00
     vertex  1.650000e+01 -1.787000e+01  2.335000e+00
     vertex  1.650000e+01 -1.787000e+01  1.655000e+00
   endloop
 endfacet
 facet normal -1.000000e+00  0.000000e+00  0.000000e+00
   outer loop
     vertex  1.750000e+01 -1.713879e+01  1.633787e+00
     vertex  1.750000e+01 -1.710000e+01  1.625000e+00
     vertex  1.750000e+01 -1.710228e+01  1.613519e+00
   endloop
 endfacet
 facet normal -1.000000e+00  0.000000e+00  0.000000e+00
   outer loop
     vertex  1.750000e+01 -1.713879e+01  1.633787e+00
     vertex  1.750000e+01 -1.710228e+01  1.613519e+00
     vertex  1.750000e+01 -1.710879e+01  1.603787e+00
   endloop
 endfacet
 facet normal -1.000000e+00  0.000000e+00  0.000000e+00
   outer loop
     vertex  1.750000e+01 -1.713879e+01  1.633787e+00
     vertex  1.750000e+01 -1.710879e+01  1.603787e+00
     vertex  1.750000e+01 -1.711852e+01  1.597284e+00
   endloop
 endfacet
 facet normal -1.000000e+00  0.000000e+00  0.000000e+00
   outer loop
     vertex  1.750000e+01 -1.713879e+01  1.633787e+00
     vertex  1.750000e+01 -1.711852e+01  1.597284e+00
     vertex  1.750000e+01 -1.713000e+01  1.595000e+00
   endloop
 endfacet
 facet normal -1.000000e+00  0.000000e+00 -0.000000e+00
   outer loop
     vertex  1.750000e+01 -1.713228e+01  1.643519e+00
     vertex  1.750000e+01 -1.710000e+01  1.625000e+00
     vertex  1.750000e+01 -1.713879e+01  1.633787e+00
   endloop
 endfacet
 facet normal -1.000000e+00  0.000000e+00  0.000000e+00
   outer loop
     vertex  1.750000e+01 -1.714852e+01  1.627284e+00
     vertex  1.750000e+01 -1.713879e+01  1.633787e+00
     vertex  1.750000e+01 -1.713000e+01  1.595000e+00
   endloop
 endfacet
 facet normal -1.000000e+00  0.000000e+00 -0.000000e+00
   outer loop
     vertex  1.750000e+01 -1.713000e+01  1.655000e+00
     vertex  1.750000e+01 -1.710000e+01  1.625000e+00
     vertex  1.750000e+01 -1.713228e+01  1.643519e+00
   endloop
 endfacet
 facet normal -1.000000e+00  0.000000e+00  0.000000e+00
   outer loop
     vertex  1.750000e+01 -1.716000e+01  1.625000e+00
     vertex  1.750000e+01 -1.714852e+01  1.627284e+00
     vertex  1.750000e+01 -1.713000e+01  1.595000e+00
   endloop
 endfacet
 facet normal -1.000000e+00  0.000000e+00  0.000000e+00
   outer loop
     vertex  1.750000e+01 -1.713000e+01  2.335000e+00
     vertex  1.750000e+01 -1.710000e+01  2.365000e+00
     vertex  1.750000e+01 -1.710000e+01  1.625000e+00
   endloop
 endfacet
 facet normal -1.000000e+00  0.000000e+00  0.000000e+00
   outer loop
     vertex  1.750000e+01 -1.713000e+01  2.335000e+00
     vertex  1.750000e+01 -1.710000e+01  1.625000e+00
     vertex  1.750000e+01 -1.713000e+01  1.655000e+00
   endloop
 endfacet
 facet normal -1.000000e+00  0.000000e+00 -0.000000e+00
   outer loop
     vertex  1.750000e+01 -1.784000e+01  1.625000e+00
     vertex  1.750000e+01 -1.713000e+01  1.595000e+00
     vertex  1.750000e+01 -1.787000e+01  1.595000e+00
   endloop
 endfacet
 facet normal -1.000000e+00  0.000000e+00  0.000000e+00
   outer loop
     vertex  1.750000e+01 -1.784000e+01  1.625000e+00
     vertex  1.750000e+01 -1.716000e+01  1.625000e+00
     vertex  1.750000e+01 -1.713000e+01  1.595000e+00
   endloop
 endfacet
 facet normal -1.000000e+00  0.000000e+00  0.000000e+00
   outer loop
     vertex  1.750000e+01 -1.713228e+01  2.346481e+00
     vertex  1.750000e+01 -1.710000e+01  2.365000e+00
     vertex  1.750000e+01 -1.713000e+01  2.335000e+00
   endloop
 endfacet
 facet normal -1.000000e+00  0.000000e+00 -0.000000e+00
   outer loop
     vertex  1.750000e+01 -1.785148e+01  1.627284e+00
     vertex  1.750000e+01 -1.784000e+01  1.625000e+00
     vertex  1.750000e+01 -1.787000e+01  1.595000e+00
   endloop
 endfacet
 facet normal -1.000000e+00  0.000000e+00  0.000000e+00
   outer loop
     vertex  1.750000e+01 -1.713879e+01  2.356213e+00
     vertex  1.750000e+01 -1.710228e+01  2.376481e+00
     vertex  1.750000e+01 -1.710000e+01  2.365000e+00
   endloop
 endfacet
 facet normal -1.000000e+00  0.000000e+00  0.000000e+00
   outer loop
     vertex  1.750000e+01 -1.713879e+01  2.356213e+00
     vertex  1.750000e+01 -1.710000e+01  2.365000e+00
     vertex  1.750000e+01 -1.713228e+01  2.346481e+00
   endloop
 endfacet
 facet normal -1.000000e+00  0.000000e+00 -0.000000e+00
   outer loop
     vertex  1.750000e+01 -1.710879e+01  2.386213e+00
     vertex  1.750000e+01 -1.710228e+01  2.376481e+00
     vertex  1.750000e+01 -1.713879e+01  2.356213e+00
   endloop
 endfacet
 facet normal -1.000000e+00  0.000000e+00  0.000000e+00
   outer loop
     vertex  1.750000e+01 -1.786121e+01  1.633787e+00
     vertex  1.750000e+01 -1.788148e+01  1.597284e+00
     vertex  1.750000e+01 -1.789121e+01  1.603787e+00
   endloop
 endfacet
 facet normal -1.000000e+00  0.000000e+00  0.000000e+00
   outer loop
     vertex  1.750000e+01 -1.786121e+01  1.633787e+00
     vertex  1.750000e+01 -1.787000e+01  1.595000e+00
     vertex  1.750000e+01 -1.788148e+01  1.597284e+00
   endloop
 endfacet
 facet normal -1.000000e+00  0.000000e+00 -0.000000e+00
   outer loop
     vertex  1.750000e+01 -1.786121e+01  1.633787e+00
     vertex  1.750000e+01 -1.785148e+01  1.627284e+00
     vertex  1.750000e+01 -1.787000e+01  1.595000e+00
   endloop
 endfacet
 facet normal -1.000000e+00  0.000000e+00 -0.000000e+00
   outer loop
     vertex  1.750000e+01 -1.711852e+01  2.392716e+00
     vertex  1.750000e+01 -1.710879e+01  2.386213e+00
     vertex  1.750000e+01 -1.713879e+01  2.356213e+00
   endloop
 endfacet
 facet normal -1.000000e+00  0.000000e+00  0.000000e+00
   outer loop
     vertex  1.750000e+01 -1.789772e+01  1.613519e+00
     vertex  1.750000e+01 -1.786121e+01  1.633787e+00
     vertex  1.750000e+01 -1.789121e+01  1.603787e+00
   endloop
 endfacet
 facet normal -1.000000e+00  0.000000e+00  0.000000e+00
   outer loop
     vertex  1.750000e+01 -1.713000e+01  2.395000e+00
     vertex  1.750000e+01 -1.713879e+01  2.356213e+00
     vertex  1.750000e+01 -1.714852e+01  2.362716e+00
   endloop
 endfacet
 facet normal -1.000000e+00  0.000000e+00 -0.000000e+00
   outer loop
     vertex  1.750000e+01 -1.713000e+01  2.395000e+00
     vertex  1.750000e+01 -1.711852e+01  2.392716e+00
     vertex  1.750000e+01 -1.713879e+01  2.356213e+00
   endloop
 endfacet
 facet normal -1.000000e+00  0.000000e+00  0.000000e+00
   outer loop
     vertex  1.750000e+01 -1.716000e+01  2.365000e+00
     vertex  1.750000e+01 -1.713000e+01  2.395000e+00
     vertex  1.750000e+01 -1.714852e+01  2.362716e+00
   endloop
 endfacet
 facet normal -1.000000e+00  0.000000e+00  0.000000e+00
   outer loop
     vertex  1.750000e+01 -1.790000e+01  1.625000e+00
     vertex  1.750000e+01 -1.787000e+01  1.655000e+00
     vertex  1.750000e+01 -1.786772e+01  1.643519e+00
   endloop
 endfacet
 facet normal -1.000000e+00  0.000000e+00  0.000000e+00
   outer loop
     vertex  1.750000e+01 -1.790000e+01  1.625000e+00
     vertex  1.750000e+01 -1.786772e+01  1.643519e+00
     vertex  1.750000e+01 -1.786121e+01  1.633787e+00
   endloop
 endfacet
 facet normal -1.000000e+00  0.000000e+00  0.000000e+00
   outer loop
     vertex  1.750000e+01 -1.790000e+01  1.625000e+00
     vertex  1.750000e+01 -1.786121e+01  1.633787e+00
     vertex  1.750000e+01 -1.789772e+01  1.613519e+00
   endloop
 endfacet
 facet normal -1.000000e+00  0.000000e+00  0.000000e+00
   outer loop
     vertex  1.750000e+01 -1.787000e+01  2.395000e+00
     vertex  1.750000e+01 -1.785148e+01  2.362716e+00
     vertex  1.750000e+01 -1.786121e+01  2.356213e+00
   endloop
 endfacet
 facet normal -1.000000e+00  0.000000e+00  0.000000e+00
   outer loop
     vertex  1.750000e+01 -1.787000e+01  2.395000e+00
     vertex  1.750000e+01 -1.784000e+01  2.365000e+00
     vertex  1.750000e+01 -1.785148e+01  2.362716e+00
   endloop
 endfacet
 facet normal -1.000000e+00  0.000000e+00  0.000000e+00
   outer loop
     vertex  1.750000e+01 -1.787000e+01  2.395000e+00
     vertex  1.750000e+01 -1.716000e+01  2.365000e+00
     vertex  1.750000e+01 -1.784000e+01  2.365000e+00
   endloop
 endfacet
 facet normal -1.000000e+00  0.000000e+00  0.000000e+00
   outer loop
     vertex  1.750000e+01 -1.787000e+01  2.395000e+00
     vertex  1.750000e+01 -1.713000e+01  2.395000e+00
     vertex  1.750000e+01 -1.716000e+01  2.365000e+00
   endloop
 endfacet
 facet normal -1.000000e+00  0.000000e+00  0.000000e+00
   outer loop
     vertex  1.750000e+01 -1.790000e+01  2.365000e+00
     vertex  1.750000e+01 -1.786772e+01  2.346481e+00
     vertex  1.750000e+01 -1.787000e+01  2.335000e+00
   endloop
 endfacet
 facet normal -1.000000e+00  0.000000e+00  0.000000e+00
   outer loop
     vertex  1.750000e+01 -1.790000e+01  2.365000e+00
     vertex  1.750000e+01 -1.786121e+01  2.356213e+00
     vertex  1.750000e+01 -1.786772e+01  2.346481e+00
   endloop
 endfacet
 facet normal -1.000000e+00  0.000000e+00  0.000000e+00
   outer loop
     vertex  1.750000e+01 -1.788148e+01  2.392716e+00
     vertex  1.750000e+01 -1.787000e+01  2.395000e+00
     vertex  1.750000e+01 -1.786121e+01  2.356213e+00
   endloop
 endfacet
 facet normal -1.000000e+00  0.000000e+00 -0.000000e+00
   outer loop
     vertex  1.750000e+01 -1.789772e+01  2.376481e+00
     vertex  1.750000e+01 -1.786121e+01  2.356213e+00
     vertex  1.750000e+01 -1.790000e+01  2.365000e+00
   endloop
 endfacet
 facet normal -1.000000e+00  0.000000e+00  0.000000e+00
   outer loop
     vertex  1.750000e+01 -1.789121e+01  2.386213e+00
     vertex  1.750000e+01 -1.788148e+01  2.392716e+00
     vertex  1.750000e+01 -1.786121e+01  2.356213e+00
   endloop
 endfacet
 facet normal -1.000000e+00  0.000000e+00 -0.000000e+00
   outer loop
     vertex  1.750000e+01 -1.789121e+01  2.386213e+00
     vertex  1.750000e+01 -1.786121e+01  2.356213e+00
     vertex  1.750000e+01 -1.789772e+01  2.376481e+00
   endloop
 endfacet
 facet normal -1.000000e+00  0.000000e+00  0.000000e+00
   outer loop
     vertex  1.750000e+01 -1.790000e+01  2.365000e+00
     vertex  1.750000e+01 -1.787000e+01  1.655000e+00
     vertex  1.750000e+01 -1.790000e+01  1.625000e+00
   endloop
 endfacet
 facet normal -1.000000e+00  0.000000e+00  0.000000e+00
   outer loop
     vertex  1.750000e+01 -1.790000e+01  2.365000e+00
     vertex  1.750000e+01 -1.787000e+01  2.335000e+00
     vertex  1.750000e+01 -1.787000e+01  1.655000e+00
   endloop
 endfacet
 facet normal  0.000000e+00 -1.000000e+00 -0.000000e+00
   outer loop
     vertex  1.780000e+01 -1.790000e+01  2.365000e+00
     vertex  1.750000e+01 -1.790000e+01  1.625000e+00
     vertex  1.780000e+01 -1.790000e+01  1.625000e+00
   endloop
 endfacet
 facet normal -0.000000e+00 -1.000000e+00  0.000000e+00
   outer loop
     vertex  1.780000e+01 -1.790000e+01  2.365000e+00
     vertex  1.750000e+01 -1.790000e+01  2.365000e+00
     vertex  1.750000e+01 -1.790000e+01  1.625000e+00
   endloop
 endfacet
 facet normal -0.000000e+00 -9.807853e-01 -1.950903e-01
   outer loop
     vertex  1.780000e+01 -1.789772e+01  1.613519e+00
     vertex  1.750000e+01 -1.790000e+01  1.625000e+00
     vertex  1.750000e+01 -1.789772e+01  1.613519e+00
   endloop
 endfacet
 facet normal  0.000000e+00 -9.807853e-01 -1.950903e-01
   outer loop
     vertex  1.780000e+01 -1.789772e+01  1.613519e+00
     vertex  1.780000e+01 -1.790000e+01  1.625000e+00
     vertex  1.750000e+01 -1.790000e+01  1.625000e+00
   endloop
 endfacet
 facet normal -0.000000e+00 -8.314696e-01 -5.555702e-01
   outer loop
     vertex  1.780000e+01 -1.789121e+01  1.603787e+00
     vertex  1.750000e+01 -1.789772e+01  1.613519e+00
     vertex  1.750000e+01 -1.789121e+01  1.603787e+00
   endloop
 endfacet
 facet normal  0.000000e+00 -8.314696e-01 -5.555702e-01
   outer loop
     vertex  1.780000e+01 -1.789121e+01  1.603787e+00
     vertex  1.780000e+01 -1.789772e+01  1.613519e+00
     vertex  1.750000e+01 -1.789772e+01  1.613519e+00
   endloop
 endfacet
 facet normal -0.000000e+00 -5.555702e-01 -8.314696e-01
   outer loop
     vertex  1.780000e+01 -1.788148e+01  1.597284e+00
     vertex  1.750000e+01 -1.789121e+01  1.603787e+00
     vertex  1.750000e+01 -1.788148e+01  1.597284e+00
   endloop
 endfacet
 facet normal  0.000000e+00 -5.555702e-01 -8.314696e-01
   outer loop
     vertex  1.780000e+01 -1.788148e+01  1.597284e+00
     vertex  1.780000e+01 -1.789121e+01  1.603787e+00
     vertex  1.750000e+01 -1.789121e+01  1.603787e+00
   endloop
 endfacet
 facet normal -0.000000e+00 -1.950903e-01 -9.807853e-01
   outer loop
     vertex  1.780000e+01 -1.787000e+01  1.595000e+00
     vertex  1.750000e+01 -1.788148e+01  1.597284e+00
     vertex  1.750000e+01 -1.787000e+01  1.595000e+00
   endloop
 endfacet
 facet normal  0.000000e+00 -1.950903e-01 -9.807853e-01
   outer loop
     vertex  1.780000e+01 -1.787000e+01  1.595000e+00
     vertex  1.780000e+01 -1.788148e+01  1.597284e+00
     vertex  1.750000e+01 -1.788148e+01  1.597284e+00
   endloop
 endfacet
 facet normal  0.000000e+00 -1.950903e-01  9.807853e-01
   outer loop
     vertex  1.780000e+01 -1.788148e+01  2.392716e+00
     vertex  1.780000e+01 -1.787000e+01  2.395000e+00
     vertex  1.750000e+01 -1.787000e+01  2.395000e+00
   endloop
 endfacet
 facet normal  0.000000e+00 -1.950903e-01  9.807853e-01
   outer loop
     vertex  1.780000e+01 -1.788148e+01  2.392716e+00
     vertex  1.750000e+01 -1.787000e+01  2.395000e+00
     vertex  1.750000e+01 -1.788148e+01  2.392716e+00
   endloop
 endfacet
 facet normal  0.000000e+00 -5.555702e-01  8.314696e-01
   outer loop
     vertex  1.780000e+01 -1.789121e+01  2.386213e+00
     vertex  1.750000e+01 -1.788148e+01  2.392716e+00
     vertex  1.750000e+01 -1.789121e+01  2.386213e+00
   endloop
 endfacet
 facet normal  0.000000e+00 -5.555702e-01  8.314696e-01
   outer loop
     vertex  1.780000e+01 -1.789121e+01  2.386213e+00
     vertex  1.780000e+01 -1.788148e+01  2.392716e+00
     vertex  1.750000e+01 -1.788148e+01  2.392716e+00
   endloop
 endfacet
 facet normal  0.000000e+00 -8.314696e-01  5.555702e-01
   outer loop
     vertex  1.780000e+01 -1.789772e+01  2.376481e+00
     vertex  1.750000e+01 -1.789121e+01  2.386213e+00
     vertex  1.750000e+01 -1.789772e+01  2.376481e+00
   endloop
 endfacet
 facet normal  0.000000e+00 -8.314696e-01  5.555702e-01
   outer loop
     vertex  1.780000e+01 -1.789772e+01  2.376481e+00
     vertex  1.780000e+01 -1.789121e+01  2.386213e+00
     vertex  1.750000e+01 -1.789121e+01  2.386213e+00
   endloop
 endfacet
 facet normal  0.000000e+00 -9.807853e-01  1.950903e-01
   outer loop
     vertex  1.780000e+01 -1.790000e+01  2.365000e+00
     vertex  1.750000e+01 -1.789772e+01  2.376481e+00
     vertex  1.750000e+01 -1.790000e+01  2.365000e+00
   endloop
 endfacet
 facet normal  0.000000e+00 -9.807853e-01  1.950903e-01
   outer loop
     vertex  1.780000e+01 -1.790000e+01  2.365000e+00
     vertex  1.780000e+01 -1.789772e+01  2.376481e+00
     vertex  1.750000e+01 -1.789772e+01  2.376481e+00
   endloop
 endfacet
 facet normal -0.000000e+00  0.000000e+00 -1.000000e+00
   outer loop
     vertex  1.780000e+01 -1.713000e+01  1.595000e+00
     vertex  1.750000e+01 -1.787000e+01  1.595000e+00
     vertex  1.750000e+01 -1.713000e+01  1.595000e+00
   endloop
 endfacet
 facet normal  0.000000e+00 -0.000000e+00 -1.000000e+00
   outer loop
     vertex  1.780000e+01 -1.713000e+01  1.595000e+00
     vertex  1.780000e+01 -1.787000e+01  1.595000e+00
     vertex  1.750000e+01 -1.787000e+01  1.595000e+00
   endloop
 endfacet
 facet normal  0.000000e+00  0.000000e+00  1.000000e+00
   outer loop
     vertex  1.780000e+01 -1.713000e+01  2.395000e+00
     vertex  1.750000e+01 -1.713000e+01  2.395000e+00
     vertex  1.750000e+01 -1.787000e+01  2.395000e+00
   endloop
 endfacet
 facet normal  0.000000e+00  0.000000e+00  1.000000e+00
   outer loop
     vertex  1.780000e+01 -1.713000e+01  2.395000e+00
     vertex  1.750000e+01 -1.787000e+01  2.395000e+00
     vertex  1.780000e+01 -1.787000e+01  2.395000e+00
   endloop
 endfacet
 facet normal  0.000000e+00  1.950903e-01 -9.807853e-01
   outer loop
     vertex  1.780000e+01 -1.711852e+01  1.597284e+00
     vertex  1.780000e+01 -1.713000e+01  1.595000e+00
     vertex  1.750000e+01 -1.713000e+01  1.595000e+00
   endloop
 endfacet
 facet normal  0.000000e+00  1.950903e-01 -9.807853e-01
   outer loop
     vertex  1.780000e+01 -1.711852e+01  1.597284e+00
     vertex  1.750000e+01 -1.713000e+01  1.595000e+00
     vertex  1.750000e+01 -1.711852e+01  1.597284e+00
   endloop
 endfacet
 facet normal  0.000000e+00  5.555702e-01 -8.314696e-01
   outer loop
     vertex  1.780000e+01 -1.710879e+01  1.603787e+00
     vertex  1.750000e+01 -1.711852e+01  1.597284e+00
     vertex  1.750000e+01 -1.710879e+01  1.603787e+00
   endloop
 endfacet
 facet normal  0.000000e+00  5.555702e-01 -8.314696e-01
   outer loop
     vertex  1.780000e+01 -1.710879e+01  1.603787e+00
     vertex  1.780000e+01 -1.711852e+01  1.597284e+00
     vertex  1.750000e+01 -1.711852e+01  1.597284e+00
   endloop
 endfacet
 facet normal  0.000000e+00  8.314696e-01 -5.555702e-01
   outer loop
     vertex  1.780000e+01 -1.710228e+01  1.613519e+00
     vertex  1.750000e+01 -1.710879e+01  1.603787e+00
     vertex  1.750000e+01 -1.710228e+01  1.613519e+00
   endloop
 endfacet
 facet normal  0.000000e+00  8.314696e-01 -5.555702e-01
   outer loop
     vertex  1.780000e+01 -1.710228e+01  1.613519e+00
     vertex  1.780000e+01 -1.710879e+01  1.603787e+00
     vertex  1.750000e+01 -1.710879e+01  1.603787e+00
   endloop
 endfacet
 facet normal  0.000000e+00  9.807853e-01 -1.950903e-01
   outer loop
     vertex  1.780000e+01 -1.710000e+01  1.625000e+00
     vertex  1.750000e+01 -1.710228e+01  1.613519e+00
     vertex  1.750000e+01 -1.710000e+01  1.625000e+00
   endloop
 endfacet
 facet normal  0.000000e+00  9.807853e-01 -1.950903e-01
   outer loop
     vertex  1.780000e+01 -1.710000e+01  1.625000e+00
     vertex  1.780000e+01 -1.710228e+01  1.613519e+00
     vertex  1.750000e+01 -1.710228e+01  1.613519e+00
   endloop
 endfacet
 facet normal  0.000000e+00  9.807853e-01  1.950903e-01
   outer loop
     vertex  1.780000e+01 -1.710228e+01  2.376481e+00
     vertex  1.750000e+01 -1.710000e+01  2.365000e+00
     vertex  1.750000e+01 -1.710228e+01  2.376481e+00
   endloop
 endfacet
 facet normal  0.000000e+00  9.807853e-01  1.950903e-01
   outer loop
     vertex  1.780000e+01 -1.710228e+01  2.376481e+00
     vertex  1.780000e+01 -1.710000e+01  2.365000e+00
     vertex  1.750000e+01 -1.710000e+01  2.365000e+00
   endloop
 endfacet
 facet normal  0.000000e+00  8.314696e-01  5.555702e-01
   outer loop
     vertex  1.780000e+01 -1.710879e+01  2.386213e+00
     vertex  1.750000e+01 -1.710228e+01  2.376481e+00
     vertex  1.750000e+01 -1.710879e+01  2.386213e+00
   endloop
 endfacet
 facet normal  0.000000e+00  8.314696e-01  5.555702e-01
   outer loop
     vertex  1.780000e+01 -1.710879e+01  2.386213e+00
     vertex  1.780000e+01 -1.710228e+01  2.376481e+00
     vertex  1.750000e+01 -1.710228e+01  2.376481e+00
   endloop
 endfacet
 facet normal  0.000000e+00  5.555702e-01  8.314696e-01
   outer loop
     vertex  1.780000e+01 -1.711852e+01  2.392716e+00
     vertex  1.750000e+01 -1.710879e+01  2.386213e+00
     vertex  1.750000e+01 -1.711852e+01  2.392716e+00
   endloop
 endfacet
 facet normal  0.000000e+00  5.555702e-01  8.314696e-01
   outer loop
     vertex  1.780000e+01 -1.711852e+01  2.392716e+00
     vertex  1.780000e+01 -1.710879e+01  2.386213e+00
     vertex  1.750000e+01 -1.710879e+01  2.386213e+00
   endloop
 endfacet
 facet normal  0.000000e+00  1.950903e-01  9.807853e-01
   outer loop
     vertex  1.780000e+01 -1.713000e+01  2.395000e+00
     vertex  1.750000e+01 -1.711852e+01  2.392716e+00
     vertex  1.750000e+01 -1.713000e+01  2.395000e+00
   endloop
 endfacet
 facet normal  0.000000e+00  1.950903e-01  9.807853e-01
   outer loop
     vertex  1.780000e+01 -1.713000e+01  2.395000e+00
     vertex  1.780000e+01 -1.711852e+01  2.392716e+00
     vertex  1.750000e+01 -1.711852e+01  2.392716e+00
   endloop
 endfacet
 facet normal  0.000000e+00  1.000000e+00  0.000000e+00
   outer loop
     vertex  1.780000e+01 -1.710000e+01  2.365000e+00
     vertex  1.780000e+01 -1.710000e+01  1.625000e+00
     vertex  1.750000e+01 -1.710000e+01  1.625000e+00
   endloop
 endfacet
 facet normal  0.000000e+00  1.000000e+00  0.000000e+00
   outer loop
     vertex  1.780000e+01 -1.710000e+01  2.365000e+00
     vertex  1.750000e+01 -1.710000e+01  1.625000e+00
     vertex  1.750000e+01 -1.710000e+01  2.365000e+00
   endloop
 endfacet
 facet normal  1.000000e+00  0.000000e+00  0.000000e+00
   outer loop
     vertex  1.780000e+01 -1.713000e+01  1.595000e+00
     vertex  1.780000e+01 -1.710228e+01  1.613519e+00
     vertex  1.780000e+01 -1.710000e+01  1.625000e+00
   endloop
 endfacet
 facet normal  1.000000e+00  0.000000e+00  0.000000e+00
   outer loop
     vertex  1.780000e+01 -1.713000e+01  1.595000e+00
     vertex  1.780000e+01 -1.710879e+01  1.603787e+00
     vertex  1.780000e+01 -1.710228e+01  1.613519e+00
   endloop
 endfacet
 facet normal  1.000000e+00  0.000000e+00  0.000000e+00
   outer loop
     vertex  1.780000e+01 -1.713000e+01  1.595000e+00
     vertex  1.780000e+01 -1.711852e+01  1.597284e+00
     vertex  1.780000e+01 -1.710879e+01  1.603787e+00
   endloop
 endfacet
 facet normal  1.000000e+00  0.000000e+00  0.000000e+00
   outer loop
     vertex  1.780000e+01 -1.711852e+01  2.392716e+00
     vertex  1.780000e+01 -1.710228e+01  2.376481e+00
     vertex  1.780000e+01 -1.710879e+01  2.386213e+00
   endloop
 endfacet
 facet normal  1.000000e+00  0.000000e+00  0.000000e+00
   outer loop
     vertex  1.780000e+01 -1.713000e+01  2.395000e+00
     vertex  1.780000e+01 -1.710000e+01  1.625000e+00
     vertex  1.780000e+01 -1.710000e+01  2.365000e+00
   endloop
 endfacet
 facet normal  1.000000e+00  0.000000e+00  0.000000e+00
   outer loop
     vertex  1.780000e+01 -1.713000e+01  2.395000e+00
     vertex  1.780000e+01 -1.710000e+01  2.365000e+00
     vertex  1.780000e+01 -1.710228e+01  2.376481e+00
   endloop
 endfacet
 facet normal  1.000000e+00  0.000000e+00  0.000000e+00
   outer loop
     vertex  1.780000e+01 -1.713000e+01  2.395000e+00
     vertex  1.780000e+01 -1.713000e+01  1.595000e+00
     vertex  1.780000e+01 -1.710000e+01  1.625000e+00
   endloop
 endfacet
 facet normal  1.000000e+00  0.000000e+00  0.000000e+00
   outer loop
     vertex  1.780000e+01 -1.713000e+01  2.395000e+00
     vertex  1.780000e+01 -1.710228e+01  2.376481e+00
     vertex  1.780000e+01 -1.711852e+01  2.392716e+00
   endloop
 endfacet
 facet normal  1.000000e+00  0.000000e+00  0.000000e+00
   outer loop
     vertex  1.780000e+01 -1.790000e+01  1.625000e+00
     vertex  1.780000e+01 -1.789772e+01  1.613519e+00
     vertex  1.780000e+01 -1.789121e+01  1.603787e+00
   endloop
 endfacet
 facet normal  1.000000e+00  0.000000e+00  0.000000e+00
   outer loop
     vertex  1.780000e+01 -1.790000e+01  1.625000e+00
     vertex  1.780000e+01 -1.789121e+01  1.603787e+00
     vertex  1.780000e+01 -1.788148e+01  1.597284e+00
   endloop
 endfacet
 facet normal  1.000000e+00  0.000000e+00  0.000000e+00
   outer loop
     vertex  1.780000e+01 -1.790000e+01  1.625000e+00
     vertex  1.780000e+01 -1.788148e+01  1.597284e+00
     vertex  1.780000e+01 -1.787000e+01  1.595000e+00
   endloop
 endfacet
 facet normal  1.000000e+00  0.000000e+00  0.000000e+00
   outer loop
     vertex  1.780000e+01 -1.790000e+01  2.365000e+00
     vertex  1.780000e+01 -1.787000e+01  1.595000e+00
     vertex  1.780000e+01 -1.713000e+01  1.595000e+00
   endloop
 endfacet
 facet normal  1.000000e+00  0.000000e+00  0.000000e+00
   outer loop
     vertex  1.780000e+01 -1.790000e+01  2.365000e+00
     vertex  1.780000e+01 -1.713000e+01  2.395000e+00
     vertex  1.780000e+01 -1.787000e+01  2.395000e+00
   endloop
 endfacet
 facet normal  1.000000e+00 -0.000000e+00  0.000000e+00
   outer loop
     vertex  1.780000e+01 -1.790000e+01  2.365000e+00
     vertex  1.780000e+01 -1.713000e+01  1.595000e+00
     vertex  1.780000e+01 -1.713000e+01  2.395000e+00
   endloop
 endfacet
 facet normal  1.000000e+00  0.000000e+00  0.000000e+00
   outer loop
     vertex  1.780000e+01 -1.790000e+01  2.365000e+00
     vertex  1.780000e+01 -1.790000e+01  1.625000e+00
     vertex  1.780000e+01 -1.787000e+01  1.595000e+00
   endloop
 endfacet
 facet normal  1.000000e+00  0.000000e+00  0.000000e+00
   outer loop
     vertex  1.780000e+01 -1.789121e+01  2.386213e+00
     vertex  1.780000e+01 -1.789772e+01  2.376481e+00
     vertex  1.780000e+01 -1.790000e+01  2.365000e+00
   endloop
 endfacet
 facet normal  1.000000e+00  0.000000e+00  0.000000e+00
   outer loop
     vertex  1.780000e+01 -1.789121e+01  2.386213e+00
     vertex  1.780000e+01 -1.787000e+01  2.395000e+00
     vertex  1.780000e+01 -1.788148e+01  2.392716e+00
   endloop
 endfacet
 facet normal  1.000000e+00 -0.000000e+00  0.000000e+00
   outer loop
     vertex  1.780000e+01 -1.789121e+01  2.386213e+00
     vertex  1.780000e+01 -1.790000e+01  2.365000e+00
     vertex  1.780000e+01 -1.787000e+01  2.395000e+00
   endloop
 endfacet
 facet normal  0.000000e+00 -1.000000e+00  0.000000e+00
   outer loop
     vertex  0.000000e+00 -2.600000e+01  0.000000e+00
     vertex  2.200000e+01 -2.600000e+01  0.000000e+00
     vertex  2.200000e+01 -2.600000e+01  1.510000e+00
   endloop
 endfacet
 facet normal  0.000000e+00 -1.000000e+00  0.000000e+00
   outer loop
     vertex  0.000000e+00 -2.600000e+01  0.000000e+00
     vertex  2.200000e+01 -2.600000e+01  1.510000e+00
     vertex  0.000000e+00 -2.600000e+01  1.510000e+00
   endloop
 endfacet
 facet normal  1.000000e+00  0.000000e+00  0.000000e+00
   outer loop
     vertex  2.200000e+01 -2.600000e+01  0.000000e+00
     vertex  2.200000e+01 -0.000000e+00  0.000000e+00
     vertex  2.200000e+01  0.000000e+00  1.510000e+00
   endloop
 endfacet
 facet normal  1.000000e+00  0.000000e+00  0.000000e+00
   outer loop
     vertex  2.200000e+01 -2.600000e+01  0.000000e+00
     vertex  2.200000e+01  0.000000e+00  1.510000e+00
     vertex  2.200000e+01 -2.600000e+01  1.510000e+00
   endloop
 endfacet
 facet normal -1.000000e+00  0.000000e+00  0.000000e+00
   outer loop
     vertex  0.000000e+00 -0.000000e+00  0.000000e+00
     vertex  0.000000e+00 -2.600000e+01  0.000000e+00
     vertex  0.000000e+00 -2.600000e+01  1.510000e+00
   endloop
 endfacet
 facet normal -1.000000e+00  0.000000e+00  0.000000e+00
   outer loop
     vertex  0.000000e+00 -0.000000e+00  0.000000e+00
     vertex  0.000000e+00 -2.600000e+01  1.510000e+00
     vertex  0.000000e+00  0.000000e+00  1.510000e+00
   endloop
 endfacet
 facet normal -0.000000e+00  0.000000e+00 -1.000000e+00
   outer loop
     vertex  2.050000e+00 -2.435263e+01  0.000000e+00
     vertex  0.000000e+00 -2.600000e+01  0.000000e+00
     vertex  1.822183e+00 -2.417782e+01  0.000000e+00
   endloop
 endfacet
 facet normal  0.000000e+00 -0.000000e+00 -1.000000e+00
   outer loop
     vertex  1.647372e+00 -2.395000e+01  0.000000e+00
     vertex  1.822183e+00 -2.417782e+01  0.000000e+00
     vertex  0.000000e+00 -2.600000e+01  0.000000e+00
   endloop
 endfacet
 facet normal  0.000000e+00 -0.000000e+00 -1.000000e+00
   outer loop
     vertex  1.537482e+00 -2.368470e+01  0.000000e+00
     vertex  1.647372e+00 -2.395000e+01  0.000000e+00
     vertex  0.000000e+00 -2.600000e+01  0.000000e+00
   endloop
 endfacet
 facet normal -0.000000e+00  0.000000e+00 -1.000000e+00
   outer loop
     vertex  2.315299e+00 -2.446252e+01  0.000000e+00
     vertex  0.000000e+00 -2.600000e+01  0.000000e+00
     vertex  2.050000e+00 -2.435263e+01  0.000000e+00
   endloop
 endfacet
 facet normal -0.000000e+00  0.000000e+00 -1.000000e+00
   outer loop
     vertex  2.600000e+00 -2.450000e+01  0.000000e+00
     vertex  0.000000e+00 -2.600000e+01  0.000000e+00
     vertex  2.315299e+00 -2.446252e+01  0.000000e+00
   endloop
 endfacet
 facet normal  0.000000e+00 -0.000000e+00 -1.000000e+00
   outer loop
     vertex  1.500000e+00 -2.340000e+01  0.000000e+00
     vertex  1.537482e+00 -2.368470e+01  0.000000e+00
     vertex  0.000000e+00 -2.600000e+01  0.000000e+00
   endloop
 endfacet
 facet normal  0.000000e+00  0.000000e+00 -1.000000e+00
   outer loop
     vertex  1.537482e+00 -2.311530e+01  0.000000e+00
     vertex  1.500000e+00 -2.340000e+01  0.000000e+00
     vertex  0.000000e+00 -2.600000e+01  0.000000e+00
   endloop
 endfacet
 facet normal  0.000000e+00  0.000000e+00 -1.000000e+00
   outer loop
     vertex  2.884701e+00 -2.446252e+01  0.000000e+00
     vertex  0.000000e+00 -2.600000e+01  0.000000e+00
     vertex  2.600000e+00 -2.450000e+01  0.000000e+00
   endloop
 endfacet
 facet normal  0.000000e+00  0.000000e+00 -1.000000e+00
   outer loop
     vertex  1.647372e+00 -2.285000e+01  0.000000e+00
     vertex  1.537482e+00 -2.311530e+01  0.000000e+00
     vertex  0.000000e+00 -2.600000e+01  0.000000e+00
   endloop
 endfacet
 facet normal  0.000000e+00  0.000000e+00 -1.000000e+00
   outer loop
     vertex  3.150000e+00 -2.435263e+01  0.000000e+00
     vertex  0.000000e+00 -2.600000e+01  0.000000e+00
     vertex  2.884701e+00 -2.446252e+01  0.000000e+00
   endloop
 endfacet
 facet normal  0.000000e+00  0.000000e+00 -1.000000e+00
   outer loop
     vertex  1.862218e+01 -2.417782e+01  0.000000e+00
     vertex  3.377817e+00 -2.417782e+01  0.000000e+00
     vertex  3.552628e+00 -2.395000e+01  0.000000e+00
   endloop
 endfacet
 facet normal -0.000000e+00  0.000000e+00 -1.000000e+00
   outer loop
     vertex  1.862218e+01 -2.417782e+01  0.000000e+00
     vertex  3.150000e+00 -2.435263e+01  0.000000e+00
     vertex  3.377817e+00 -2.417782e+01  0.000000e+00
   endloop
 endfacet
 facet normal  0.000000e+00  0.000000e+00 -1.000000e+00
   outer loop
     vertex  1.844737e+01 -2.395000e+01  0.000000e+00
     vertex  3.552628e+00 -2.395000e+01  0.000000e+00
     vertex  3.662518e+00 -2.368470e+01  0.000000e+00
   endloop
 endfacet
 facet normal -0.000000e+00 -0.000000e+00 -1.000000e+00
   outer loop
     vertex  1.844737e+01 -2.395000e+01  0.000000e+00
     vertex  1.862218e+01 -2.417782e+01  0.000000e+00
     vertex  3.552628e+00 -2.395000e+01  0.000000e+00
   endloop
 endfacet
 facet normal  0.000000e+00  0.000000e+00 -1.000000e+00
   outer loop
     vertex  1.885000e+01 -2.435263e+01  0.000000e+00
     vertex  3.150000e+00 -2.435263e+01  0.000000e+00
     vertex  1.862218e+01 -2.417782e+01  0.000000e+00
   endloop
 endfacet
 facet normal -0.000000e+00  0.000000e+00 -1.000000e+00
   outer loop
     vertex  1.885000e+01 -2.435263e+01  0.000000e+00
     vertex  0.000000e+00 -2.600000e+01  0.000000e+00
     vertex  3.150000e+00 -2.435263e+01  0.000000e+00
   endloop
 endfacet
 facet normal -0.000000e+00 -0.000000e+00 -1.000000e+00
   outer loop
     vertex  1.833748e+01 -2.368470e+01  0.000000e+00
     vertex  1.844737e+01 -2.395000e+01  0.000000e+00
     vertex  3.662518e+00 -2.368470e+01  0.000000e+00
   endloop
 endfacet
 facet normal -0.000000e+00  0.000000e+00 -1.000000e+00
   outer loop
     vertex  1.830000e+01 -2.340000e+01  0.000000e+00
     vertex  3.662518e+00 -2.368470e+01  0.000000e+00
     vertex  3.700000e+00 -2.340000e+01  0.000000e+00
   endloop
 endfacet
 facet normal  0.000000e+00 -0.000000e+00 -1.000000e+00
   outer loop
     vertex  1.830000e+01 -2.340000e+01  0.000000e+00
     vertex  1.833748e+01 -2.368470e+01  0.000000e+00
     vertex  3.662518e+00 -2.368470e+01  0.000000e+00
   endloop
 endfacet
 facet normal  0.000000e+00  0.000000e+00 -1.000000e+00
   outer loop
     vertex  1.833748e+01 -2.311530e+01  0.000000e+00
     vertex  1.830000e+01 -2.340000e+01  0.000000e+00
     vertex  3.700000e+00 -2.340000e+01  0.000000e+00
   endloop
 endfacet
 facet normal -0.000000e+00  0.000000e+00 -1.000000e+00
   outer loop
     vertex  1.833748e+01 -2.311530e+01  0.000000e+00
     vertex  3.700000e+00 -2.340000e+01  0.000000e+00
     vertex  3.662518e+00 -2.311530e+01  0.000000e+00
   endloop
 endfacet
 facet normal -0.000000e+00  0.000000e+00 -1.000000e+00
   outer loop
     vertex  1.844737e+01 -2.285000e+01  0.000000e+00
     vertex  3.662518e+00 -2.311530e+01  0.000000e+00
     vertex  3.552628e+00 -2.285000e+01  0.000000e+00
   endloop
 endfacet
 facet normal  0.000000e+00  0.000000e+00 -1.000000e+00
   outer loop
     vertex  1.844737e+01 -2.285000e+01  0.000000e+00
     vertex  1.833748e+01 -2.311530e+01  0.000000e+00
     vertex  3.662518e+00 -2.311530e+01  0.000000e+00
   endloop
 endfacet
 facet normal  0.000000e+00  0.000000e+00 -1.000000e+00
   outer loop
     vertex  1.862218e+01 -2.262218e+01  0.000000e+00
     vertex  3.377817e+00 -2.262218e+01  0.000000e+00
     vertex  3.150000e+00 -2.244737e+01  0.000000e+00
   endloop
 endfacet
 facet normal -0.000000e+00  0.000000e+00 -1.000000e+00
   outer loop
     vertex  1.862218e+01 -2.262218e+01  0.000000e+00
     vertex  3.552628e+00 -2.285000e+01  0.000000e+00
     vertex  3.377817e+00 -2.262218e+01  0.000000e+00
   endloop
 endfacet
 facet normal  0.000000e+00  0.000000e+00 -1.000000e+00
   outer loop
     vertex  1.862218e+01 -2.262218e+01  0.000000e+00
     vertex  1.844737e+01 -2.285000e+01  0.000000e+00
     vertex  3.552628e+00 -2.285000e+01  0.000000e+00
   endloop
 endfacet
 facet normal  0.000000e+00  0.000000e+00 -1.000000e+00
   outer loop
     vertex  2.200000e+01 -2.600000e+01  0.000000e+00
     vertex  0.000000e+00 -2.600000e+01  0.000000e+00
     vertex  1.885000e+01 -2.435263e+01  0.000000e+00
   endloop
 endfacet
 facet normal  0.000000e+00  0.000000e+00 -1.000000e+00
   outer loop
     vertex  2.200000e+01 -2.600000e+01  0.000000e+00
     vertex  1.911530e+01 -2.446252e+01  0.000000e+00
     vertex  1.940000e+01 -2.450000e+01  0.000000e+00
   endloop
 endfacet
 facet normal  0.000000e+00  0.000000e+00 -1.000000e+00
   outer loop
     vertex  2.200000e+01 -2.600000e+01  0.000000e+00
     vertex  1.885000e+01 -2.435263e+01  0.000000e+00
     vertex  1.911530e+01 -2.446252e+01  0.000000e+00
   endloop
 endfacet
 facet normal  0.000000e+00  0.000000e+00 -1.000000e+00
   outer loop
     vertex  2.200000e+01 -2.600000e+01  0.000000e+00
     vertex  1.968470e+01 -2.446252e+01  0.000000e+00
     vertex  1.995000e+01 -2.435263e+01  0.000000e+00
   endloop
 endfacet
 facet normal  0.000000e+00  0.000000e+00 -1.000000e+00
   outer loop
     vertex  2.200000e+01 -2.600000e+01  0.000000e+00
     vertex  1.940000e+01 -2.450000e+01  0.000000e+00
     vertex  1.968470e+01 -2.446252e+01  0.000000e+00
   endloop
 endfacet
 facet normal  0.000000e+00 -0.000000e+00 -1.000000e+00
   outer loop
     vertex  2.017782e+01 -2.417782e+01  0.000000e+00
     vertex  2.200000e+01 -2.600000e+01  0.000000e+00
     vertex  1.995000e+01 -2.435263e+01  0.000000e+00
   endloop
 endfacet
 facet normal  0.000000e+00 -0.000000e+00 -1.000000e+00
   outer loop
     vertex  2.035263e+01 -2.395000e+01  0.000000e+00
     vertex  2.200000e+01 -2.600000e+01  0.000000e+00
     vertex  2.017782e+01 -2.417782e+01  0.000000e+00
   endloop
 endfacet
 facet normal -0.000000e+00  0.000000e+00 -1.000000e+00
   outer loop
     vertex  1.885000e+01 -2.244737e+01  0.000000e+00
     vertex  1.862218e+01 -2.262218e+01  0.000000e+00
     vertex  3.150000e+00 -2.244737e+01  0.000000e+00
   endloop
 endfacet
 facet normal  0.000000e+00 -0.000000e+00 -1.000000e+00
   outer loop
     vertex  2.046252e+01 -2.368470e+01  0.000000e+00
     vertex  2.200000e+01 -2.600000e+01  0.000000e+00
     vertex  2.035263e+01 -2.395000e+01  0.000000e+00
   endloop
 endfacet
 facet normal  0.000000e+00 -0.000000e+00 -1.000000e+00
   outer loop
     vertex  2.050000e+01 -2.340000e+01  0.000000e+00
     vertex  2.200000e+01 -2.600000e+01  0.000000e+00
     vertex  2.046252e+01 -2.368470e+01  0.000000e+00
   endloop
 endfacet
 facet normal  0.000000e+00  0.000000e+00 -1.000000e+00
   outer loop
     vertex  2.046252e+01 -2.311530e+01  0.000000e+00
     vertex  2.200000e+01 -2.600000e+01  0.000000e+00
     vertex  2.050000e+01 -2.340000e+01  0.000000e+00
   endloop
 endfacet
 facet normal  0.000000e+00  0.000000e+00 -1.000000e+00
   outer loop
     vertex  2.035263e+01 -2.285000e+01  0.000000e+00
     vertex  2.200000e+01 -2.600000e+01  0.000000e+00
     vertex  2.046252e+01 -2.311530e+01  0.000000e+00
   endloop
 endfacet
 facet normal  0.000000e+00  0.000000e+00 -1.000000e+00
   outer loop
     vertex  0.000000e+00 -0.000000e+00  0.000000e+00
     vertex  1.822183e+00 -2.262218e+01  0.000000e+00
     vertex  1.647372e+00 -2.285000e+01  0.000000e+00
   endloop
 endfacet
 facet normal  0.000000e+00  0.000000e+00 -1.000000e+00
   outer loop
     vertex  0.000000e+00 -0.000000e+00  0.000000e+00
     vertex  2.050000e+00 -2.244737e+01  0.000000e+00
     vertex  1.822183e+00 -2.262218e+01  0.000000e+00
   endloop
 endfacet
 facet normal  0.000000e+00  0.000000e+00 -1.000000e+00
   outer loop
     vertex  0.000000e+00 -0.000000e+00  0.000000e+00
     vertex  2.315299e+00 -2.233748e+01  0.000000e+00
     vertex  2.050000e+00 -2.244737e+01  0.000000e+00
   endloop
 endfacet
 facet normal  0.000000e+00  0.000000e+00 -1.000000e+00
   outer loop
     vertex  0.000000e+00 -0.000000e+00  0.000000e+00
     vertex  2.600000e+00 -2.230000e+01  0.000000e+00
     vertex  2.315299e+00 -2.233748e+01  0.000000e+00
   endloop
 endfacet
 facet normal  0.000000e+00  0.000000e+00 -1.000000e+00
   outer loop
     vertex  0.000000e+00 -0.000000e+00  0.000000e+00
     vertex  2.884701e+00 -2.233748e+01  0.000000e+00
     vertex  2.600000e+00 -2.230000e+01  0.000000e+00
   endloop
 endfacet
 facet normal  0.000000e+00  0.000000e+00 -1.000000e+00
   outer loop
     vertex  0.000000e+00 -0.000000e+00  0.000000e+00
     vertex  3.150000e+00 -2.244737e+01  0.000000e+00
     vertex  2.884701e+00 -2.233748e+01  0.000000e+00
   endloop
 endfacet
 facet normal  0.000000e+00  0.000000e+00 -1.000000e+00
   outer loop
     vertex  0.000000e+00 -0.000000e+00  0.000000e+00
     vertex  1.647372e+00 -2.285000e+01  0.000000e+00
     vertex  0.000000e+00 -2.600000e+01  0.000000e+00
   endloop
 endfacet
 facet normal  0.000000e+00  0.000000e+00 -1.000000e+00
   outer loop
     vertex  2.200000e+01 -0.000000e+00  0.000000e+00
     vertex  1.885000e+01 -2.244737e+01  0.000000e+00
     vertex  3.150000e+00 -2.244737e+01  0.000000e+00
   endloop
 endfacet
 facet normal  0.000000e+00  0.000000e+00 -1.000000e+00
   outer loop
     vertex  2.200000e+01 -0.000000e+00  0.000000e+00
     vertex  1.911530e+01 -2.233748e+01  0.000000e+00
     vertex  1.885000e+01 -2.244737e+01  0.000000e+00
   endloop
 endfacet
 facet normal  0.000000e+00  0.000000e+00 -1.000000e+00
   outer loop
     vertex  2.200000e+01 -0.000000e+00  0.000000e+00
     vertex  1.940000e+01 -2.230000e+01  0.000000e+00
     vertex  1.911530e+01 -2.233748e+01  0.000000e+00
   endloop
 endfacet
 facet normal  0.000000e+00  0.000000e+00 -1.000000e+00
   outer loop
     vertex  2.200000e+01 -0.000000e+00  0.000000e+00
     vertex  1.968470e+01 -2.233748e+01  0.000000e+00
     vertex  1.940000e+01 -2.230000e+01  0.000000e+00
   endloop
 endfacet
 facet normal -0.000000e+00  0.000000e+00 -1.000000e+00
   outer loop
     vertex  2.200000e+01 -0.000000e+00  0.000000e+00
     vertex  3.150000e+00 -2.244737e+01  0.000000e+00
     vertex  0.000000e+00 -0.000000e+00  0.000000e+00
   endloop
 endfacet
 facet normal  0.000000e+00  0.000000e+00 -1.000000e+00
   outer loop
     vertex  2.200000e+01 -0.000000e+00  0.000000e+00
     vertex  1.995000e+01 -2.244737e+01  0.000000e+00
     vertex  1.968470e+01 -2.233748e+01  0.000000e+00
   endloop
 endfacet
 facet normal  0.000000e+00  0.000000e+00 -1.000000e+00
   outer loop
     vertex  2.200000e+01 -0.000000e+00  0.000000e+00
     vertex  2.017782e+01 -2.262218e+01  0.000000e+00
     vertex  1.995000e+01 -2.244737e+01  0.000000e+00
   endloop
 endfacet
 facet normal  0.000000e+00  0.000000e+00 -1.000000e+00
   outer loop
     vertex  2.200000e+01 -0.000000e+00  0.000000e+00
     vertex  2.035263e+01 -2.285000e+01  0.000000e+00
     vertex  2.017782e+01 -2.262218e+01  0.000000e+00
   endloop
 endfacet
 facet normal  0.000000e+00 -0.000000e+00 -1.000000e+00
   outer loop
     vertex  2.200000e+01 -0.000000e+00  0.000000e+00
     vertex  2.200000e+01 -2.600000e+01  0.000000e+00
     vertex  2.035263e+01 -2.285000e+01  0.000000e+00
   endloop
 endfacet
 facet normal  0.000000e+00  0.000000e+00  1.000000e+00
   outer loop
     vertex  2.050000e+00 -2.435263e+01  1.510000e+00
     vertex  1.822183e+00 -2.417782e+01  1.510000e+00
     vertex  0.000000e+00 -2.600000e+01  1.510000e+00
   endloop
 endfacet
 facet normal  0.000000e+00  0.000000e+00  1.000000e+00
   outer loop
     vertex  1.647372e+00 -2.395000e+01  1.510000e+00
     vertex  0.000000e+00 -2.600000e+01  1.510000e+00
     vertex  1.822183e+00 -2.417782e+01  1.510000e+00
   endloop
 endfacet
 facet normal  0.000000e+00  0.000000e+00  1.000000e+00
   outer loop
     vertex  1.537482e+00 -2.368470e+01  1.510000e+00
     vertex  0.000000e+00 -2.600000e+01  1.510000e+00
     vertex  1.647372e+00 -2.395000e+01  1.510000e+00
   endloop
 endfacet
 facet normal  0.000000e+00  0.000000e+00  1.000000e+00
   outer loop
     vertex  2.315299e+00 -2.446252e+01  1.510000e+00
     vertex  2.050000e+00 -2.435263e+01  1.510000e+00
     vertex  0.000000e+00 -2.600000e+01  1.510000e+00
   endloop
 endfacet
 facet normal  0.000000e+00  0.000000e+00  1.000000e+00
   outer loop
     vertex  2.600000e+00 -2.450000e+01  1.510000e+00
     vertex  2.315299e+00 -2.446252e+01  1.510000e+00
     vertex  0.000000e+00 -2.600000e+01  1.510000e+00
   endloop
 endfacet
 facet normal  0.000000e+00  0.000000e+00  1.000000e+00
   outer loop
     vertex  1.500000e+00 -2.340000e+01  1.510000e+00
     vertex  0.000000e+00 -2.600000e+01  1.510000e+00
     vertex  1.537482e+00 -2.368470e+01  1.510000e+00
   endloop
 endfacet
 facet normal  0.000000e+00  0.000000e+00  1.000000e+00
   outer loop
     vertex  1.537482e+00 -2.311530e+01  1.510000e+00
     vertex  0.000000e+00 -2.600000e+01  1.510000e+00
     vertex  1.500000e+00 -2.340000e+01  1.510000e+00
   endloop
 endfacet
 facet normal  0.000000e+00  0.000000e+00  1.000000e+00
   outer loop
     vertex  2.884701e+00 -2.446252e+01  1.510000e+00
     vertex  2.600000e+00 -2.450000e+01  1.510000e+00
     vertex  0.000000e+00 -2.600000e+01  1.510000e+00
   endloop
 endfacet
 facet normal  0.000000e+00  0.000000e+00  1.000000e+00
   outer loop
     vertex  1.647372e+00 -2.285000e+01  1.510000e+00
     vertex  0.000000e+00 -2.600000e+01  1.510000e+00
     vertex  1.537482e+00 -2.311530e+01  1.510000e+00
   endloop
 endfacet
 facet normal  0.000000e+00  0.000000e+00  1.000000e+00
   outer loop
     vertex  3.150000e+00 -2.435263e+01  1.510000e+00
     vertex  2.884701e+00 -2.446252e+01  1.510000e+00
     vertex  0.000000e+00 -2.600000e+01  1.510000e+00
   endloop
 endfacet
 facet normal  0.000000e+00  0.000000e+00  1.000000e+00
   outer loop
     vertex  1.862218e+01 -2.417782e+01  1.510000e+00
     vertex  3.552628e+00 -2.395000e+01  1.510000e+00
     vertex  3.377817e+00 -2.417782e+01  1.510000e+00
   endloop
 endfacet
 facet normal  0.000000e+00  0.000000e+00  1.000000e+00
   outer loop
     vertex  1.862218e+01 -2.417782e+01  1.510000e+00
     vertex  3.377817e+00 -2.417782e+01  1.510000e+00
     vertex  3.150000e+00 -2.435263e+01  1.510000e+00
   endloop
 endfacet
 facet normal  0.000000e+00  0.000000e+00  1.000000e+00
   outer loop
     vertex  1.844737e+01 -2.395000e+01  1.510000e+00
     vertex  3.662518e+00 -2.368470e+01  1.510000e+00
     vertex  3.552628e+00 -2.395000e+01  1.510000e+00
   endloop
 endfacet
 facet normal  0.000000e+00  0.000000e+00  1.000000e+00
   outer loop
     vertex  1.844737e+01 -2.395000e+01  1.510000e+00
     vertex  3.552628e+00 -2.395000e+01  1.510000e+00
     vertex  1.862218e+01 -2.417782e+01  1.510000e+00
   endloop
 endfacet
 facet normal  0.000000e+00  0.000000e+00  1.000000e+00
   outer loop
     vertex  1.885000e+01 -2.435263e+01  1.510000e+00
     vertex  1.862218e+01 -2.417782e+01  1.510000e+00
     vertex  3.150000e+00 -2.435263e+01  1.510000e+00
   endloop
 endfacet
 facet normal  0.000000e+00  0.000000e+00  1.000000e+00
   outer loop
     vertex  1.885000e+01 -2.435263e+01  1.510000e+00
     vertex  3.150000e+00 -2.435263e+01  1.510000e+00
     vertex  0.000000e+00 -2.600000e+01  1.510000e+00
   endloop
 endfacet
 facet normal  0.000000e+00  0.000000e+00  1.000000e+00
   outer loop
     vertex  1.833748e+01 -2.368470e+01  1.510000e+00
     vertex  3.662518e+00 -2.368470e+01  1.510000e+00
     vertex  1.844737e+01 -2.395000e+01  1.510000e+00
   endloop
 endfacet
 facet normal  0.000000e+00  0.000000e+00  1.000000e+00
   outer loop
     vertex  1.830000e+01 -2.340000e+01  1.510000e+00
     vertex  3.700000e+00 -2.340000e+01  1.510000e+00
     vertex  3.662518e+00 -2.368470e+01  1.510000e+00
   endloop
 endfacet
 facet normal  0.000000e+00  0.000000e+00  1.000000e+00
   outer loop
     vertex  1.830000e+01 -2.340000e+01  1.510000e+00
     vertex  3.662518e+00 -2.368470e+01  1.510000e+00
     vertex  1.833748e+01 -2.368470e+01  1.510000e+00
   endloop
 endfacet
 facet normal  0.000000e+00  0.000000e+00  1.000000e+00
   outer loop
     vertex  1.833748e+01 -2.311530e+01  1.510000e+00
     vertex  3.700000e+00 -2.340000e+01  1.510000e+00
     vertex  1.830000e+01 -2.340000e+01  1.510000e+00
   endloop
 endfacet
 facet normal  0.000000e+00  0.000000e+00  1.000000e+00
   outer loop
     vertex  1.833748e+01 -2.311530e+01  1.510000e+00
     vertex  3.662518e+00 -2.311530e+01  1.510000e+00
     vertex  3.700000e+00 -2.340000e+01  1.510000e+00
   endloop
 endfacet
 facet normal  0.000000e+00  0.000000e+00  1.000000e+00
   outer loop
     vertex  1.844737e+01 -2.285000e+01  1.510000e+00
     vertex  3.552628e+00 -2.285000e+01  1.510000e+00
     vertex  3.662518e+00 -2.311530e+01  1.510000e+00
   endloop
 endfacet
 facet normal  0.000000e+00  0.000000e+00  1.000000e+00
   outer loop
     vertex  1.844737e+01 -2.285000e+01  1.510000e+00
     vertex  3.662518e+00 -2.311530e+01  1.510000e+00
     vertex  1.833748e+01 -2.311530e+01  1.510000e+00
   endloop
 endfacet
 facet normal  0.000000e+00  0.000000e+00  1.000000e+00
   outer loop
     vertex  1.862218e+01 -2.262218e+01  1.510000e+00
     vertex  3.150000e+00 -2.244737e+01  1.510000e+00
     vertex  3.377817e+00 -2.262218e+01  1.510000e+00
   endloop
 endfacet
 facet normal  0.000000e+00  0.000000e+00  1.000000e+00
   outer loop
     vertex  1.862218e+01 -2.262218e+01  1.510000e+00
     vertex  3.377817e+00 -2.262218e+01  1.510000e+00
     vertex  3.552628e+00 -2.285000e+01  1.510000e+00
   endloop
 endfacet
 facet normal  0.000000e+00  0.000000e+00  1.000000e+00
   outer loop
     vertex  1.862218e+01 -2.262218e+01  1.510000e+00
     vertex  3.552628e+00 -2.285000e+01  1.510000e+00
     vertex  1.844737e+01 -2.285000e+01  1.510000e+00
   endloop
 endfacet
 facet normal  0.000000e+00  0.000000e+00  1.000000e+00
   outer loop
     vertex  2.200000e+01 -2.600000e+01  1.510000e+00
     vertex  1.885000e+01 -2.435263e+01  1.510000e+00
     vertex  0.000000e+00 -2.600000e+01  1.510000e+00
   endloop
 endfacet
 facet normal  0.000000e+00  0.000000e+00  1.000000e+00
   outer loop
     vertex  2.200000e+01 -2.600000e+01  1.510000e+00
     vertex  1.940000e+01 -2.450000e+01  1.510000e+00
     vertex  1.911530e+01 -2.446252e+01  1.510000e+00
   endloop
 endfacet
 facet normal  0.000000e+00  0.000000e+00  1.000000e+00
   outer loop
     vertex  2.200000e+01 -2.600000e+01  1.510000e+00
     vertex  1.911530e+01 -2.446252e+01  1.510000e+00
     vertex  1.885000e+01 -2.435263e+01  1.510000e+00
   endloop
 endfacet
 facet normal  0.000000e+00  0.000000e+00  1.000000e+00
   outer loop
     vertex  2.200000e+01 -2.600000e+01  1.510000e+00
     vertex  1.995000e+01 -2.435263e+01  1.510000e+00
     vertex  1.968470e+01 -2.446252e+01  1.510000e+00
   endloop
 endfacet
 facet normal  0.000000e+00  0.000000e+00  1.000000e+00
   outer loop
     vertex  2.200000e+01 -2.600000e+01  1.510000e+00
     vertex  1.968470e+01 -2.446252e+01  1.510000e+00
     vertex  1.940000e+01 -2.450000e+01  1.510000e+00
   endloop
 endfacet
 facet normal  0.000000e+00  0.000000e+00  1.000000e+00
   outer loop
     vertex  2.017782e+01 -2.417782e+01  1.510000e+00
     vertex  1.995000e+01 -2.435263e+01  1.510000e+00
     vertex  2.200000e+01 -2.600000e+01  1.510000e+00
   endloop
 endfacet
 facet normal  0.000000e+00  0.000000e+00  1.000000e+00
   outer loop
     vertex  2.035263e+01 -2.395000e+01  1.510000e+00
     vertex  2.017782e+01 -2.417782e+01  1.510000e+00
     vertex  2.200000e+01 -2.600000e+01  1.510000e+00
   endloop
 endfacet
 facet normal  0.000000e+00  0.000000e+00  1.000000e+00
   outer loop
     vertex  1.885000e+01 -2.244737e+01  1.510000e+00
     vertex  3.150000e+00 -2.244737e+01  1.510000e+00
     vertex  1.862218e+01 -2.262218e+01  1.510000e+00
   endloop
 endfacet
 facet normal  0.000000e+00  0.000000e+00  1.000000e+00
   outer loop
     vertex  2.046252e+01 -2.368470e+01  1.510000e+00
     vertex  2.035263e+01 -2.395000e+01  1.510000e+00
     vertex  2.200000e+01 -2.600000e+01  1.510000e+00
   endloop
 endfacet
 facet normal  0.000000e+00  0.000000e+00  1.000000e+00
   outer loop
     vertex  2.050000e+01 -2.340000e+01  1.510000e+00
     vertex  2.046252e+01 -2.368470e+01  1.510000e+00
     vertex  2.200000e+01 -2.600000e+01  1.510000e+00
   endloop
 endfacet
 facet normal  0.000000e+00  0.000000e+00  1.000000e+00
   outer loop
     vertex  2.046252e+01 -2.311530e+01  1.510000e+00
     vertex  2.050000e+01 -2.340000e+01  1.510000e+00
     vertex  2.200000e+01 -2.600000e+01  1.510000e+00
   endloop
 endfacet
 facet normal  0.000000e+00  0.000000e+00  1.000000e+00
   outer loop
     vertex  2.035263e+01 -2.285000e+01  1.510000e+00
     vertex  2.046252e+01 -2.311530e+01  1.510000e+00
     vertex  2.200000e+01 -2.600000e+01  1.510000e+00
   endloop
 endfacet
 facet normal  0.000000e+00  0.000000e+00  1.000000e+00
   outer loop
     vertex  0.000000e+00  0.000000e+00  1.510000e+00
     vertex  1.647372e+00 -2.285000e+01  1.510000e+00
     vertex  1.822183e+00 -2.262218e+01  1.510000e+00
   endloop
 endfacet
 facet normal  0.000000e+00  0.000000e+00  1.000000e+00
   outer loop
     vertex  0.000000e+00  0.000000e+00  1.510000e+00
     vertex  1.822183e+00 -2.262218e+01  1.510000e+00
     vertex  2.050000e+00 -2.244737e+01  1.510000e+00
   endloop
 endfacet
 facet normal  0.000000e+00  0.000000e+00  1.000000e+00
   outer loop
     vertex  0.000000e+00  0.000000e+00  1.510000e+00
     vertex  2.050000e+00 -2.244737e+01  1.510000e+00
     vertex  2.315299e+00 -2.233748e+01  1.510000e+00
   endloop
 endfacet
 facet normal  0.000000e+00  0.000000e+00  1.000000e+00
   outer loop
     vertex  0.000000e+00  0.000000e+00  1.510000e+00
     vertex  2.315299e+00 -2.233748e+01  1.510000e+00
     vertex  2.600000e+00 -2.230000e+01  1.510000e+00
   endloop
 endfacet
 facet normal  0.000000e+00  0.000000e+00  1.000000e+00
   outer loop
     vertex  0.000000e+00  0.000000e+00  1.510000e+00
     vertex  2.600000e+00 -2.230000e+01  1.510000e+00
     vertex  2.884701e+00 -2.233748e+01  1.510000e+00
   endloop
 endfacet
 facet normal  0.000000e+00  0.000000e+00  1.000000e+00
   outer loop
     vertex  0.000000e+00  0.000000e+00  1.510000e+00
     vertex  2.884701e+00 -2.233748e+01  1.510000e+00
     vertex  3.150000e+00 -2.244737e+01  1.510000e+00
   endloop
 endfacet
 facet normal  0.000000e+00  0.000000e+00  1.000000e+00
   outer loop
     vertex  0.000000e+00  0.000000e+00  1.510000e+00
     vertex  0.000000e+00 -2.600000e+01  1.510000e+00
     vertex  1.647372e+00 -2.285000e+01  1.510000e+00
   endloop
 endfacet
 facet normal  0.000000e+00  0.000000e+00  1.000000e+00
   outer loop
     vertex  2.200000e+01  0.000000e+00  1.510000e+00
     vertex  3.150000e+00 -2.244737e+01  1.510000e+00
     vertex  1.885000e+01 -2.244737e+01  1.510000e+00
   endloop
 endfacet
 facet normal  0.000000e+00  0.000000e+00  1.000000e+00
   outer loop
     vertex  2.200000e+01  0.000000e+00  1.510000e+00
     vertex  1.885000e+01 -2.244737e+01  1.510000e+00
     vertex  1.911530e+01 -2.233748e+01  1.510000e+00
   endloop
 endfacet
 facet normal  0.000000e+00  0.000000e+00  1.000000e+00
   outer loop
     vertex  2.200000e+01  0.000000e+00  1.510000e+00
     vertex  1.911530e+01 -2.233748e+01  1.510000e+00
     vertex  1.940000e+01 -2.230000e+01  1.510000e+00
   endloop
 endfacet
 facet normal  0.000000e+00  0.000000e+00  1.000000e+00
   outer loop
     vertex  2.200000e+01  0.000000e+00  1.510000e+00
     vertex  1.940000e+01 -2.230000e+01  1.510000e+00
     vertex  1.968470e+01 -2.233748e+01  1.510000e+00
   endloop
 endfacet
 facet normal  0.000000e+00  0.000000e+00  1.000000e+00
   outer loop
     vertex  2.200000e+01  0.000000e+00  1.510000e+00
     vertex  0.000000e+00  0.000000e+00  1.510000e+00
     vertex  3.150000e+00 -2.244737e+01  1.510000e+00
   endloop
 endfacet
 facet normal  0.000000e+00  0.000000e+00  1.000000e+00
   outer loop
     vertex  2.200000e+01  0.000000e+00  1.510000e+00
     vertex  1.968470e+01 -2.233748e+01  1.510000e+00
     vertex  1.995000e+01 -2.244737e+01  1.510000e+00
   endloop
 endfacet
 facet normal  0.000000e+00  0.000000e+00  1.000000e+00
   outer loop
     vertex  2.200000e+01  0.000000e+00  1.510000e+00
     vertex  1.995000e+01 -2.244737e+01  1.510000e+00
     vertex  2.017782e+01 -2.262218e+01  1.510000e+00
   endloop
 endfacet
 facet normal  0.000000e+00  0.000000e+00  1.000000e+00
   outer loop
     vertex  2.200000e+01  0.000000e+00  1.510000e+00
     vertex  2.017782e+01 -2.262218e+01  1.510000e+00
     vertex  2.035263e+01 -2.285000e+01  1.510000e+00
   endloop
 endfacet
 facet normal  0.000000e+00  0.000000e+00  1.000000e+00
   outer loop
     vertex  2.200000e+01  0.000000e+00  1.510000e+00
     vertex  2.035263e+01 -2.285000e+01  1.510000e+00
     vertex  2.200000e+01 -2.600000e+01  1.510000e+00
   endloop
 endfacet
 facet normal  0.000000e+00  1.000000e+00  0.000000e+00
   outer loop
     vertex  2.200000e+01 -0.000000e+00  0.000000e+00
     vertex  0.000000e+00 -0.000000e+00  0.000000e+00
     vertex  0.000000e+00  0.000000e+00  1.510000e+00
   endloop
 endfacet
 facet normal  0.000000e+00  1.000000e+00 -0.000000e+00
   outer loop
     vertex  2.200000e+01 -0.000000e+00  0.000000e+00
     vertex  0.000000e+00  0.000000e+00  1.510000e+00
     vertex  2.200000e+01  0.000000e+00  1.510000e+00
   endloop
 endfacet
 facet normal -1.305262e-01  9.914449e-01  0.000000e+00
   outer loop
     vertex  2.884701e+00 -2.446252e+01  0.000000e+00
     vertex  2.600000e+00 -2.450000e+01  0.000000e+00
     vertex  2.600000e+00 -2.450000e+01  1.510000e+00
   endloop
 endfacet
 facet normal -1.305262e-01  9.914449e-01  0.000000e+00
   outer loop
     vertex  2.884701e+00 -2.446252e+01  0.000000e+00
     vertex  2.600000e+00 -2.450000e+01  1.510000e+00
     vertex  2.884701e+00 -2.446252e+01  1.510000e+00
   endloop
 endfacet
 facet normal -3.826834e-01  9.238795e-01  0.000000e+00
   outer loop
     vertex  3.150000e+00 -2.435263e+01  0.000000e+00
     vertex  2.884701e+00 -2.446252e+01  1.510000e+00
     vertex  3.150000e+00 -2.435263e+01  1.510000e+00
   endloop
 endfacet
 facet normal -3.826834e-01  9.238795e-01  0.000000e+00
   outer loop
     vertex  3.150000e+00 -2.435263e+01  0.000000e+00
     vertex  2.884701e+00 -2.446252e+01  0.000000e+00
     vertex  2.884701e+00 -2.446252e+01  1.510000e+00
   endloop
 endfacet
 facet normal -6.087614e-01  7.933533e-01  0.000000e+00
   outer loop
     vertex  3.377817e+00 -2.417782e+01  0.000000e+00
     vertex  3.150000e+00 -2.435263e+01  1.510000e+00
     vertex  3.377817e+00 -2.417782e+01  1.510000e+00
   endloop
 endfacet
 facet normal -6.087614e-01  7.933533e-01  0.000000e+00
   outer loop
     vertex  3.377817e+00 -2.417782e+01  0.000000e+00
     vertex  3.150000e+00 -2.435263e+01  0.000000e+00
     vertex  3.150000e+00 -2.435263e+01  1.510000e+00
   endloop
 endfacet
 facet normal -7.933533e-01  6.087614e-01  0.000000e+00
   outer loop
     vertex  3.552628e+00 -2.395000e+01  0.000000e+00
     vertex  3.377817e+00 -2.417782e+01  1.510000e+00
     vertex  3.552628e+00 -2.395000e+01  1.510000e+00
   endloop
 endfacet
 facet normal -7.933533e-01  6.087614e-01  0.000000e+00
   outer loop
     vertex  3.552628e+00 -2.395000e+01  0.000000e+00
     vertex  3.377817e+00 -2.417782e+01  0.000000e+00
     vertex  3.377817e+00 -2.417782e+01  1.510000e+00
   endloop
 endfacet
 facet normal -9.238795e-01  3.826834e-01  0.000000e+00
   outer loop
     vertex  3.662518e+00 -2.368470e+01  0.000000e+00
     vertex  3.552628e+00 -2.395000e+01  1.510000e+00
     vertex  3.662518e+00 -2.368470e+01  1.510000e+00
   endloop
 endfacet
 facet normal -9.238795e-01  3.826834e-01  0.000000e+00
   outer loop
     vertex  3.662518e+00 -2.368470e+01  0.000000e+00
     vertex  3.552628e+00 -2.395000e+01  0.000000e+00
     vertex  3.552628e+00 -2.395000e+01  1.510000e+00
   endloop
 endfacet
 facet normal -9.914449e-01  1.305262e-01  0.000000e+00
   outer loop
     vertex  3.700000e+00 -2.340000e+01  0.000000e+00
     vertex  3.662518e+00 -2.368470e+01  1.510000e+00
     vertex  3.700000e+00 -2.340000e+01  1.510000e+00
   endloop
 endfacet
 facet normal -9.914449e-01  1.305262e-01  0.000000e+00
   outer loop
     vertex  3.700000e+00 -2.340000e+01  0.000000e+00
     vertex  3.662518e+00 -2.368470e+01  0.000000e+00
     vertex  3.662518e+00 -2.368470e+01  1.510000e+00
   endloop
 endfacet
 facet normal -9.914449e-01 -1.305262e-01  0.000000e+00
   outer loop
     vertex  3.662518e+00 -2.311530e+01  0.000000e+00
     vertex  3.700000e+00 -2.340000e+01  1.510000e+00
     vertex  3.662518e+00 -2.311530e+01  1.510000e+00
   endloop
 endfacet
 facet normal -9.914449e-01 -1.305262e-01  0.000000e+00
   outer loop
     vertex  3.662518e+00 -2.311530e+01  0.000000e+00
     vertex  3.700000e+00 -2.340000e+01  0.000000e+00
     vertex  3.700000e+00 -2.340000e+01  1.510000e+00
   endloop
 endfacet
 facet normal -9.238795e-01 -3.826834e-01  0.000000e+00
   outer loop
     vertex  3.552628e+00 -2.285000e+01  0.000000e+00
     vertex  3.662518e+00 -2.311530e+01  1.510000e+00
     vertex  3.552628e+00 -2.285000e+01  1.510000e+00
   endloop
 endfacet
 facet normal -9.238795e-01 -3.826834e-01  0.000000e+00
   outer loop
     vertex  3.552628e+00 -2.285000e+01  0.000000e+00
     vertex  3.662518e+00 -2.311530e+01  0.000000e+00
     vertex  3.662518e+00 -2.311530e+01  1.510000e+00
   endloop
 endfacet
 facet normal -7.933533e-01 -6.087614e-01  0.000000e+00
   outer loop
     vertex  3.377817e+00 -2.262218e+01  0.000000e+00
     vertex  3.552628e+00 -2.285000e+01  1.510000e+00
     vertex  3.377817e+00 -2.262218e+01  1.510000e+00
   endloop
 endfacet
 facet normal -7.933533e-01 -6.087614e-01  0.000000e+00
   outer loop
     vertex  3.377817e+00 -2.262218e+01  0.000000e+00
     vertex  3.552628e+00 -2.285000e+01  0.000000e+00
     vertex  3.552628e+00 -2.285000e+01  1.510000e+00
   endloop
 endfacet
 facet normal -6.087614e-01 -7.933533e-01  0.000000e+00
   outer loop
     vertex  3.150000e+00 -2.244737e+01  0.000000e+00
     vertex  3.377817e+00 -2.262218e+01  1.510000e+00
     vertex  3.150000e+00 -2.244737e+01  1.510000e+00
   endloop
 endfacet
 facet normal -6.087614e-01 -7.933533e-01  0.000000e+00
   outer loop
     vertex  3.150000e+00 -2.244737e+01  0.000000e+00
     vertex  3.377817e+00 -2.262218e+01  0.000000e+00
     vertex  3.377817e+00 -2.262218e+01  1.510000e+00
   endloop
 endfacet
 facet normal -3.826834e-01 -9.238795e-01  0.000000e+00
   outer loop
     vertex  2.884701e+00 -2.233748e+01  0.000000e+00
     vertex  3.150000e+00 -2.244737e+01  1.510000e+00
     vertex  2.884701e+00 -2.233748e+01  1.510000e+00
   endloop
 endfacet
 facet normal -3.826834e-01 -9.238795e-01  0.000000e+00
   outer loop
     vertex  2.884701e+00 -2.233748e+01  0.000000e+00
     vertex  3.150000e+00 -2.244737e+01  0.000000e+00
     vertex  3.150000e+00 -2.244737e+01  1.510000e+00
   endloop
 endfacet
 facet normal -1.305262e-01 -9.914449e-01  0.000000e+00
   outer loop
     vertex  2.600000e+00 -2.230000e+01  0.000000e+00
     vertex  2.884701e+00 -2.233748e+01  1.510000e+00
     vertex  2.600000e+00 -2.230000e+01  1.510000e+00
   endloop
 endfacet
 facet normal -1.305262e-01 -9.914449e-01  0.000000e+00
   outer loop
     vertex  2.600000e+00 -2.230000e+01  0.000000e+00
     vertex  2.884701e+00 -2.233748e+01  0.000000e+00
     vertex  2.884701e+00 -2.233748e+01  1.510000e+00
   endloop
 endfacet
 facet normal  1.305262e-01 -9.914449e-01  0.000000e+00
   outer loop
     vertex  2.315299e+00 -2.233748e+01  0.000000e+00
     vertex  2.600000e+00 -2.230000e+01  1.510000e+00
     vertex  2.315299e+00 -2.233748e+01  1.510000e+00
   endloop
 endfacet
 facet normal  1.305262e-01 -9.914449e-01  0.000000e+00
   outer loop
     vertex  2.315299e+00 -2.233748e+01  0.000000e+00
     vertex  2.600000e+00 -2.230000e+01  0.000000e+00
     vertex  2.600000e+00 -2.230000e+01  1.510000e+00
   endloop
 endfacet
 facet normal  3.826834e-01 -9.238795e-01  0.000000e+00
   outer loop
     vertex  2.050000e+00 -2.244737e+01  0.000000e+00
     vertex  2.315299e+00 -2.233748e+01  0.000000e+00
     vertex  2.315299e+00 -2.233748e+01  1.510000e+00
   endloop
 endfacet
 facet normal  3.826834e-01 -9.238795e-01  0.000000e+00
   outer loop
     vertex  2.050000e+00 -2.244737e+01  0.000000e+00
     vertex  2.315299e+00 -2.233748e+01  1.510000e+00
     vertex  2.050000e+00 -2.244737e+01  1.510000e+00
   endloop
 endfacet
 facet normal  6.087614e-01 -7.933533e-01  0.000000e+00
   outer loop
     vertex  1.822183e+00 -2.262218e+01  0.000000e+00
     vertex  2.050000e+00 -2.244737e+01  0.000000e+00
     vertex  2.050000e+00 -2.244737e+01  1.510000e+00
   endloop
 endfacet
 facet normal  7.933533e-01 -6.087614e-01  0.000000e+00
   outer loop
     vertex  1.822183e+00 -2.262218e+01  0.000000e+00
     vertex  1.822183e+00 -2.262218e+01  1.510000e+00
     vertex  1.647372e+00 -2.285000e+01  1.510000e+00
   endloop
 endfacet
 facet normal  6.087614e-01 -7.933533e-01  0.000000e+00
   outer loop
     vertex  1.822183e+00 -2.262218e+01  0.000000e+00
     vertex  2.050000e+00 -2.244737e+01  1.510000e+00
     vertex  1.822183e+00 -2.262218e+01  1.510000e+00
   endloop
 endfacet
 facet normal  7.933533e-01 -6.087614e-01  0.000000e+00
   outer loop
     vertex  1.647372e+00 -2.285000e+01  0.000000e+00
     vertex  1.822183e+00 -2.262218e+01  0.000000e+00
     vertex  1.647372e+00 -2.285000e+01  1.510000e+00
   endloop
 endfacet
 facet normal  9.238795e-01 -3.826834e-01  0.000000e+00
   outer loop
     vertex  1.647372e+00 -2.285000e+01  0.000000e+00
     vertex  1.647372e+00 -2.285000e+01  1.510000e+00
     vertex  1.537482e+00 -2.311530e+01  1.510000e+00
   endloop
 endfacet
 facet normal  9.238795e-01 -3.826834e-01  0.000000e+00
   outer loop
     vertex  1.537482e+00 -2.311530e+01  0.000000e+00
     vertex  1.647372e+00 -2.285000e+01  0.000000e+00
     vertex  1.537482e+00 -2.311530e+01  1.510000e+00
   endloop
 endfacet
 facet normal  9.914449e-01 -1.305262e-01  0.000000e+00
   outer loop
     vertex  1.500000e+00 -2.340000e+01  0.000000e+00
     vertex  1.537482e+00 -2.311530e+01  0.000000e+00
     vertex  1.537482e+00 -2.311530e+01  1.510000e+00
   endloop
 endfacet
 facet normal  9.914449e-01 -1.305262e-01  0.000000e+00
   outer loop
     vertex  1.500000e+00 -2.340000e+01  0.000000e+00
     vertex  1.537482e+00 -2.311530e+01  1.510000e+00
     vertex  1.500000e+00 -2.340000e+01  1.510000e+00
   endloop
 endfacet
 facet normal  9.914449e-01  1.305262e-01 -0.000000e+00
   outer loop
     vertex  1.537482e+00 -2.368470e+01  0.000000e+00
     vertex  1.500000e+00 -2.340000e+01  1.510000e+00
     vertex  1.537482e+00 -2.368470e+01  1.510000e+00
   endloop
 endfacet
 facet normal  9.914449e-01  1.305262e-01  0.000000e+00
   outer loop
     vertex  1.537482e+00 -2.368470e+01  0.000000e+00
     vertex  1.500000e+00 -2.340000e+01  0.000000e+00
     vertex  1.500000e+00 -2.340000e+01  1.510000e+00
   endloop
 endfacet
 facet normal  9.238795e-01  3.826834e-01 -0.000000e+00
   outer loop
     vertex  1.647372e+00 -2.395000e+01  0.000000e+00
     vertex  1.537482e+00 -2.368470e+01  1.510000e+00
     vertex  1.647372e+00 -2.395000e+01  1.510000e+00
   endloop
 endfacet
 facet normal  9.238795e-01  3.826834e-01  0.000000e+00
   outer loop
     vertex  1.647372e+00 -2.395000e+01  0.000000e+00
     vertex  1.537482e+00 -2.368470e+01  0.000000e+00
     vertex  1.537482e+00 -2.368470e+01  1.510000e+00
   endloop
 endfacet
 facet normal  6.087614e-01  7.933533e-01 -0.000000e+00
   outer loop
     vertex  1.822183e+00 -2.417782e+01  0.000000e+00
     vertex  1.822183e+00 -2.417782e+01  1.510000e+00
     vertex  2.050000e+00 -2.435263e+01  1.510000e+00
   endloop
 endfacet
 facet normal  7.933533e-01  6.087614e-01 -0.000000e+00
   outer loop
     vertex  1.822183e+00 -2.417782e+01  0.000000e+00
     vertex  1.647372e+00 -2.395000e+01  1.510000e+00
     vertex  1.822183e+00 -2.417782e+01  1.510000e+00
   endloop
 endfacet
 facet normal  7.933533e-01  6.087614e-01  0.000000e+00
   outer loop
     vertex  1.822183e+00 -2.417782e+01  0.000000e+00
     vertex  1.647372e+00 -2.395000e+01  0.000000e+00
     vertex  1.647372e+00 -2.395000e+01  1.510000e+00
   endloop
 endfacet
 facet normal  6.087614e-01  7.933533e-01 -0.000000e+00
   outer loop
     vertex  2.050000e+00 -2.435263e+01  0.000000e+00
     vertex  1.822183e+00 -2.417782e+01  0.000000e+00
     vertex  2.050000e+00 -2.435263e+01  1.510000e+00
   endloop
 endfacet
 facet normal  3.826834e-01  9.238795e-01 -0.000000e+00
   outer loop
     vertex  2.315299e+00 -2.446252e+01  0.000000e+00
     vertex  2.050000e+00 -2.435263e+01  1.510000e+00
     vertex  2.315299e+00 -2.446252e+01  1.510000e+00
   endloop
 endfacet
 facet normal  3.826834e-01  9.238795e-01  0.000000e+00
   outer loop
     vertex  2.315299e+00 -2.446252e+01  0.000000e+00
     vertex  2.050000e+00 -2.435263e+01  0.000000e+00
     vertex  2.050000e+00 -2.435263e+01  1.510000e+00
   endloop
 endfacet
 facet normal  1.305262e-01  9.914449e-01 -0.000000e+00
   outer loop
     vertex  2.600000e+00 -2.450000e+01  0.000000e+00
     vertex  2.315299e+00 -2.446252e+01  1.510000e+00
     vertex  2.600000e+00 -2.450000e+01  1.510000e+00
   endloop
 endfacet
 facet normal  1.305262e-01  9.914449e-01  0.000000e+00
   outer loop
     vertex  2.600000e+00 -2.450000e+01  0.000000e+00
     vertex  2.315299e+00 -2.446252e+01  0.000000e+00
     vertex  2.315299e+00 -2.446252e+01  1.510000e+00
   endloop
 endfacet
 facet normal -1.305262e-01  9.914449e-01  0.000000e+00
   outer loop
     vertex  1.968470e+01 -2.446252e+01  0.000000e+00
     vertex  1.940000e+01 -2.450000e+01  0.000000e+00
     vertex  1.940000e+01 -2.450000e+01  1.510000e+00
   endloop
 endfacet
 facet normal -1.305262e-01  9.914449e-01  0.000000e+00
   outer loop
     vertex  1.968470e+01 -2.446252e+01  0.000000e+00
     vertex  1.940000e+01 -2.450000e+01  1.510000e+00
     vertex  1.968470e+01 -2.446252e+01  1.510000e+00
   endloop
 endfacet
 facet normal -3.826834e-01  9.238795e-01  0.000000e+00
   outer loop
     vertex  1.995000e+01 -2.435263e+01  0.000000e+00
     vertex  1.968470e+01 -2.446252e+01  1.510000e+00
     vertex  1.995000e+01 -2.435263e+01  1.510000e+00
   endloop
 endfacet
 facet normal -3.826834e-01  9.238795e-01  0.000000e+00
   outer loop
     vertex  1.995000e+01 -2.435263e+01  0.000000e+00
     vertex  1.968470e+01 -2.446252e+01  0.000000e+00
     vertex  1.968470e+01 -2.446252e+01  1.510000e+00
   endloop
 endfacet
 facet normal -6.087614e-01  7.933533e-01  0.000000e+00
   outer loop
     vertex  2.017782e+01 -2.417782e+01  0.000000e+00
     vertex  1.995000e+01 -2.435263e+01  1.510000e+00
     vertex  2.017782e+01 -2.417782e+01  1.510000e+00
   endloop
 endfacet
 facet normal -6.087614e-01  7.933533e-01  0.000000e+00
   outer loop
     vertex  2.017782e+01 -2.417782e+01  0.000000e+00
     vertex  1.995000e+01 -2.435263e+01  0.000000e+00
     vertex  1.995000e+01 -2.435263e+01  1.510000e+00
   endloop
 endfacet
 facet normal -7.933533e-01  6.087614e-01  0.000000e+00
   outer loop
     vertex  2.035263e+01 -2.395000e+01  0.000000e+00
     vertex  2.017782e+01 -2.417782e+01  1.510000e+00
     vertex  2.035263e+01 -2.395000e+01  1.510000e+00
   endloop
 endfacet
 facet normal -7.933533e-01  6.087614e-01  0.000000e+00
   outer loop
     vertex  2.035263e+01 -2.395000e+01  0.000000e+00
     vertex  2.017782e+01 -2.417782e+01  0.000000e+00
     vertex  2.017782e+01 -2.417782e+01  1.510000e+00
   endloop
 endfacet
 facet normal -9.238795e-01  3.826834e-01  0.000000e+00
   outer loop
     vertex  2.046252e+01 -2.368470e+01  0.000000e+00
     vertex  2.035263e+01 -2.395000e+01  1.510000e+00
     vertex  2.046252e+01 -2.368470e+01  1.510000e+00
   endloop
 endfacet
 facet normal -9.238795e-01  3.826834e-01  0.000000e+00
   outer loop
     vertex  2.046252e+01 -2.368470e+01  0.000000e+00
     vertex  2.035263e+01 -2.395000e+01  0.000000e+00
     vertex  2.035263e+01 -2.395000e+01  1.510000e+00
   endloop
 endfacet
 facet normal -9.914449e-01  1.305262e-01  0.000000e+00
   outer loop
     vertex  2.050000e+01 -2.340000e+01  0.000000e+00
     vertex  2.046252e+01 -2.368470e+01  1.510000e+00
     vertex  2.050000e+01 -2.340000e+01  1.510000e+00
   endloop
 endfacet
 facet normal -9.914449e-01  1.305262e-01  0.000000e+00
   outer loop
     vertex  2.050000e+01 -2.340000e+01  0.000000e+00
     vertex  2.046252e+01 -2.368470e+01  0.000000e+00
     vertex  2.046252e+01 -2.368470e+01  1.510000e+00
   endloop
 endfacet
 facet normal -9.914449e-01 -1.305262e-01  0.000000e+00
   outer loop
     vertex  2.046252e+01 -2.311530e+01  0.000000e+00
     vertex  2.050000e+01 -2.340000e+01  1.510000e+00
     vertex  2.046252e+01 -2.311530e+01  1.510000e+00
   endloop
 endfacet
 facet normal -9.914449e-01 -1.305262e-01  0.000000e+00
   outer loop
     vertex  2.046252e+01 -2.311530e+01  0.000000e+00
     vertex  2.050000e+01 -2.340000e+01  0.000000e+00
     vertex  2.050000e+01 -2.340000e+01  1.510000e+00
   endloop
 endfacet
 facet normal -9.238795e-01 -3.826834e-01  0.000000e+00
   outer loop
     vertex  2.035263e+01 -2.285000e+01  0.000000e+00
     vertex  2.046252e+01 -2.311530e+01  1.510000e+00
     vertex  2.035263e+01 -2.285000e+01  1.510000e+00
   endloop
 endfacet
 facet normal -9.238795e-01 -3.826834e-01  0.000000e+00
   outer loop
     vertex  2.035263e+01 -2.285000e+01  0.000000e+00
     vertex  2.046252e+01 -2.311530e+01  0.000000e+00
     vertex  2.046252e+01 -2.311530e+01  1.510000e+00
   endloop
 endfacet
 facet normal -7.933533e-01 -6.087614e-01  0.000000e+00
   outer loop
     vertex  2.017782e+01 -2.262218e+01  0.000000e+00
     vertex  2.035263e+01 -2.285000e+01  1.510000e+00
     vertex  2.017782e+01 -2.262218e+01  1.510000e+00
   endloop
 endfacet
 facet normal -7.933533e-01 -6.087614e-01  0.000000e+00
   outer loop
     vertex  2.017782e+01 -2.262218e+01  0.000000e+00
     vertex  2.035263e+01 -2.285000e+01  0.000000e+00
     vertex  2.035263e+01 -2.285000e+01  1.510000e+00
   endloop
 endfacet
 facet normal -6.087614e-01 -7.933533e-01  0.000000e+00
   outer loop
     vertex  1.995000e+01 -2.244737e+01  0.000000e+00
     vertex  2.017782e+01 -2.262218e+01  1.510000e+00
     vertex  1.995000e+01 -2.244737e+01  1.510000e+00
   endloop
 endfacet
 facet normal -6.087614e-01 -7.933533e-01  0.000000e+00
   outer loop
     vertex  1.995000e+01 -2.244737e+01  0.000000e+00
     vertex  2.017782e+01 -2.262218e+01  0.000000e+00
     vertex  2.017782e+01 -2.262218e+01  1.510000e+00
   endloop
 endfacet
 facet normal -3.826834e-01 -9.238795e-01  0.000000e+00
   outer loop
     vertex  1.968470e+01 -2.233748e+01  0.000000e+00
     vertex  1.995000e+01 -2.244737e+01  1.510000e+00
     vertex  1.968470e+01 -2.233748e+01  1.510000e+00
   endloop
 endfacet
 facet normal -3.826834e-01 -9.238795e-01  0.000000e+00
   outer loop
     vertex  1.968470e+01 -2.233748e+01  0.000000e+00
     vertex  1.995000e+01 -2.244737e+01  0.000000e+00
     vertex  1.995000e+01 -2.244737e+01  1.510000e+00
   endloop
 endfacet
 facet normal -1.305262e-01 -9.914449e-01  0.000000e+00
   outer loop
     vertex  1.940000e+01 -2.230000e+01  0.000000e+00
     vertex  1.968470e+01 -2.233748e+01  1.510000e+00
     vertex  1.940000e+01 -2.230000e+01  1.510000e+00
   endloop
 endfacet
 facet normal -1.305262e-01 -9.914449e-01  0.000000e+00
   outer loop
     vertex  1.940000e+01 -2.230000e+01  0.000000e+00
     vertex  1.968470e+01 -2.233748e+01  0.000000e+00
     vertex  1.968470e+01 -2.233748e+01  1.510000e+00
   endloop
 endfacet
 facet normal  1.305262e-01 -9.914449e-01  0.000000e+00
   outer loop
     vertex  1.911530e+01 -2.233748e+01  0.000000e+00
     vertex  1.940000e+01 -2.230000e+01  1.510000e+00
     vertex  1.911530e+01 -2.233748e+01  1.510000e+00
   endloop
 endfacet
 facet normal  1.305262e-01 -9.914449e-01  0.000000e+00
   outer loop
     vertex  1.911530e+01 -2.233748e+01  0.000000e+00
     vertex  1.940000e+01 -2.230000e+01  0.000000e+00
     vertex  1.940000e+01 -2.230000e+01  1.510000e+00
   endloop
 endfacet
 facet normal  3.826834e-01 -9.238795e-01  0.000000e+00
   outer loop
     vertex  1.885000e+01 -2.244737e+01  0.000000e+00
     vertex  1.911530e+01 -2.233748e+01  0.000000e+00
     vertex  1.911530e+01 -2.233748e+01  1.510000e+00
   endloop
 endfacet
 facet normal  3.826834e-01 -9.238795e-01  0.000000e+00
   outer loop
     vertex  1.885000e+01 -2.244737e+01  0.000000e+00
     vertex  1.911530e+01 -2.233748e+01  1.510000e+00
     vertex  1.885000e+01 -2.244737e+01  1.510000e+00
   endloop
 endfacet
 facet normal  6.087614e-01 -7.933533e-01  0.000000e+00
   outer loop
     vertex  1.862218e+01 -2.262218e+01  0.000000e+00
     vertex  1.885000e+01 -2.244737e+01  0.000000e+00
     vertex  1.885000e+01 -2.244737e+01  1.510000e+00
   endloop
 endfacet
 facet normal  7.933533e-01 -6.087614e-01  0.000000e+00
   outer loop
     vertex  1.862218e+01 -2.262218e+01  0.000000e+00
     vertex  1.862218e+01 -2.262218e+01  1.510000e+00
     vertex  1.844737e+01 -2.285000e+01  1.510000e+00
   endloop
 endfacet
 facet normal  6.087614e-01 -7.933533e-01  0.000000e+00
   outer loop
     vertex  1.862218e+01 -2.262218e+01  0.000000e+00
     vertex  1.885000e+01 -2.244737e+01  1.510000e+00
     vertex  1.862218e+01 -2.262218e+01  1.510000e+00
   endloop
 endfacet
 facet normal  7.933533e-01 -6.087614e-01  0.000000e+00
   outer loop
     vertex  1.844737e+01 -2.285000e+01  0.000000e+00
     vertex  1.862218e+01 -2.262218e+01  0.000000e+00
     vertex  1.844737e+01 -2.285000e+01  1.510000e+00
   endloop
 endfacet
 facet normal  9.238795e-01 -3.826834e-01  0.000000e+00
   outer loop
     vertex  1.844737e+01 -2.285000e+01  0.000000e+00
     vertex  1.844737e+01 -2.285000e+01  1.510000e+00
     vertex  1.833748e+01 -2.311530e+01  1.510000e+00
   endloop
 endfacet
 facet normal  9.238795e-01 -3.826834e-01  0.000000e+00
   outer loop
     vertex  1.833748e+01 -2.311530e+01  0.000000e+00
     vertex  1.844737e+01 -2.285000e+01  0.000000e+00
     vertex  1.833748e+01 -2.311530e+01  1.510000e+00
   endloop
 endfacet
 facet normal  9.914449e-01 -1.305262e-01  0.000000e+00
   outer loop
     vertex  1.830000e+01 -2.340000e+01  0.000000e+00
     vertex  1.833748e+01 -2.311530e+01  0.000000e+00
     vertex  1.833748e+01 -2.311530e+01  1.510000e+00
   endloop
 endfacet
 facet normal  9.914449e-01 -1.305262e-01  0.000000e+00
   outer loop
     vertex  1.830000e+01 -2.340000e+01  0.000000e+00
     vertex  1.833748e+01 -2.311530e+01  1.510000e+00
     vertex  1.830000e+01 -2.340000e+01  1.510000e+00
   endloop
 endfacet
 facet normal  9.914449e-01  1.305262e-01 -0.000000e+00
   outer loop
     vertex  1.833748e+01 -2.368470e+01  0.000000e+00
     vertex  1.830000e+01 -2.340000e+01  1.510000e+00
     vertex  1.833748e+01 -2.368470e+01  1.510000e+00
   endloop
 endfacet
 facet normal  9.914449e-01  1.305262e-01  0.000000e+00
   outer loop
     vertex  1.833748e+01 -2.368470e+01  0.000000e+00
     vertex  1.830000e+01 -2.340000e+01  0.000000e+00
     vertex  1.830000e+01 -2.340000e+01  1.510000e+00
   endloop
 endfacet
 facet normal  9.238795e-01  3.826834e-01 -0.000000e+00
   outer loop
     vertex  1.844737e+01 -2.395000e+01  0.000000e+00
     vertex  1.833748e+01 -2.368470e+01  1.510000e+00
     vertex  1.844737e+01 -2.395000e+01  1.510000e+00
   endloop
 endfacet
 facet normal  9.238795e-01  3.826834e-01  0.000000e+00
   outer loop
     vertex  1.844737e+01 -2.395000e+01  0.000000e+00
     vertex  1.833748e+01 -2.368470e+01  0.000000e+00
     vertex  1.833748e+01 -2.368470e+01  1.510000e+00
   endloop
 endfacet
 facet normal  6.087614e-01  7.933533e-01 -0.000000e+00
   outer loop
     vertex  1.862218e+01 -2.417782e+01  0.000000e+00
     vertex  1.862218e+01 -2.417782e+01  1.510000e+00
     vertex  1.885000e+01 -2.435263e+01  1.510000e+00
   endloop
 endfacet
 facet normal  7.933533e-01  6.087614e-01 -0.000000e+00
   outer loop
     vertex  1.862218e+01 -2.417782e+01  0.000000e+00
     vertex  1.844737e+01 -2.395000e+01  1.510000e+00
     vertex  1.862218e+01 -2.417782e+01  1.510000e+00
   endloop
 endfacet
 facet normal  7.933533e-01  6.087614e-01  0.000000e+00
   outer loop
     vertex  1.862218e+01 -2.417782e+01  0.000000e+00
     vertex  1.844737e+01 -2.395000e+01  0.000000e+00
     vertex  1.844737e+01 -2.395000e+01  1.510000e+00
   endloop
 endfacet
 facet normal  6.087614e-01  7.933533e-01 -0.000000e+00
   outer loop
     vertex  1.885000e+01 -2.435263e+01  0.000000e+00
     vertex  1.862218e+01 -2.417782e+01  0.000000e+00
     vertex  1.885000e+01 -2.435263e+01  1.510000e+00
   endloop
 endfacet
 facet normal  3.826834e-01  9.238795e-01 -0.000000e+00
   outer loop
     vertex  1.911530e+01 -2.446252e+01  0.000000e+00
     vertex  1.885000e+01 -2.435263e+01  1.510000e+00
     vertex  1.911530e+01 -2.446252e+01  1.510000e+00
   endloop
 endfacet
 facet normal  3.826834e-01  9.238795e-01  0.000000e+00
   outer loop
     vertex  1.911530e+01 -2.446252e+01  0.000000e+00
     vertex  1.885000e+01 -2.435263e+01  0.000000e+00
     vertex  1.885000e+01 -2.435263e+01  1.510000e+00
   endloop
 endfacet
 facet normal  1.305262e-01  9.914449e-01 -0.000000e+00
   outer loop
     vertex  1.940000e+01 -2.450000e+01  0.000000e+00
     vertex  1.911530e+01 -2.446252e+01  1.510000e+00
     vertex  1.940000e+01 -2.450000e+01  1.510000e+00
   endloop
 endfacet
 facet normal  1.305262e-01  9.914449e-01  0.000000e+00
   outer loop
     vertex  1.940000e+01 -2.450000e+01  0.000000e+00
     vertex  1.911530e+01 -2.446252e+01  0.000000e+00
     vertex  1.911530e+01 -2.446252e+01  1.510000e+00
   endloop
 endfacet
endsolid
